Fournisseur,Document d'achat,Poste,Article,Nº d'appel,Date livraison,QTE,Date de transmission appel,Dernière date EM
100590,5500041768,190,0204207170,489,2023-12-08,1500,2023-12-12,2023-11-29
100590,5500041768,190,0204207170,489,2023-12-12,2500,2023-12-12,2023-11-29
100590,5500041768,190,0204207170,490,2023-12-19,7000,2023-12-13,2023-12-12
100590,5500041768,190,0204207170,485,2024-01-02,0,2023-12-06,2023-11-29
100590,5500041768,190,0204207170,485,2024-01-08,27000,2023-12-06,2023-11-29
100590,5500041768,190,0204207170,518,2024-01-12,26500,2024-01-22,2023-12-13
100590,5500041768,190,0204207170,485,2024-01-15,0,2023-12-06,2023-11-29
100590,5500041768,190,0204207170,485,2024-01-22,0,2023-12-06,2023-11-29
100590,5500041768,190,0204207170,485,2024-01-29,0,2023-12-06,2023-11-29
100590,5500041768,190,0204207170,485,2024-02-05,0,2023-12-06,2023-11-29
100590,5500041768,190,0204207170,512,2024-02-12,0,2024-01-12,2023-12-13
100590,5500041768,190,0204207170,485,2024-02-19,0,2023-12-06,2023-11-29
100590,5500041768,190,0204207170,485,2024-02-26,0,2023-12-06,2023-11-29
100590,5500041768,190,0204207170,485,2024-03-04,0,2023-12-06,2023-11-29
100590,5500041768,190,0204207170,529,2024-03-11,0,2024-02-06,2024-01-22
100590,5500041768,190,0204207170,537,2024-03-18,27000,2024-02-16,2024-01-22
100590,5500041768,190,0204207170,539,2024-03-19,0,2024-02-22,2024-01-22
100590,5500041768,190,0204207170,557,2024-03-22,27000,2024-03-20,2024-01-22
100590,5500041768,190,0204207170,539,2024-03-25,27000,2024-02-22,2024-01-22
100590,5500041768,190,0204207170,548,2024-03-26,0,2024-03-07,2024-01-22
100590,5500041768,190,0204207170,544,2024-04-01,0,2024-03-01,2024-01-22
100590,5500041768,190,0204207170,485,2024-04-08,0,2023-12-06,2023-11-29
100590,5500041768,190,0204207170,513,2024-04-15,0,2024-01-15,2023-12-13
100590,5500041768,190,0204207170,539,2024-04-22,0,2024-02-22,2024-01-22
100590,5500041768,190,0204207170,554,2024-04-29,0,2024-03-15,2024-01-22
100590,5500041768,190,0204207170,556,2024-05-06,0,2024-03-19,2024-01-22
100590,5500041768,190,0204207170,569,2024-05-13,0,2024-04-05,2024-03-20
100590,5500041768,190,0204207170,568,2024-05-20,0,2024-04-04,2024-03-20
100590,5500041768,190,0204207170,572,2024-05-27,0,2024-04-10,2024-03-20
100590,5500041768,190,0204207170,582,2024-06-03,0,2024-04-24,2024-03-20
100590,5500041768,190,0204207170,591,2024-06-10,27000,2024-05-07,2024-03-20
100590,5500041768,190,0204207170,597,2024-06-11,0,2024-05-15,2024-03-20
100590,5500041768,190,0204207170,615,2024-06-14,27000,2024-06-10,2024-03-20
100590,5500041768,190,0204207170,554,2024-06-17,0,2024-03-15,2024-01-22
100590,5500041768,190,0204207170,603,2024-06-18,0,2024-05-23,2024-03-20
100590,5500041768,190,0204207170,556,2024-06-24,0,2024-03-19,2024-01-22
100590,5500041768,190,0204207170,569,2024-07-01,0,2024-04-05,2024-03-20
100590,5500041768,190,0204207170,578,2024-07-08,0,2024-04-18,2024-03-20
100590,5500041768,190,0204207170,579,2024-07-15,0,2024-04-19,2024-03-20
100590,5500041768,190,0204207170,539,2024-07-22,0,2024-02-22,2024-01-22
100590,5500041768,190,0204207170,596,2024-07-29,0,2024-05-14,2024-03-20
100590,5500041768,190,0204207170,545,2024-08-05,0,2024-03-04,2024-01-22
100590,5500041768,190,0204207170,597,2024-08-12,0,2024-05-15,2024-03-20
100590,5500041768,190,0204207170,629,2024-08-19,0,2024-06-28,2024-06-10
100590,5500041768,190,0204207170,633,2024-08-26,0,2024-07-04,2024-06-10
100590,5500041768,190,0204207170,647,2024-09-02,0,2024-07-24,2024-06-10
100590,5500041768,190,0204207170,658,2024-09-09,27000,2024-08-08,2024-06-10
100590,5500041768,190,0204207170,668,2024-09-10,0,2024-08-22,2024-06-10
100590,5500041768,190,0204207170,680,2024-09-13,27000,2024-09-09,2024-06-10
100590,5500041768,190,0204207170,646,2024-09-16,0,2024-07-23,2024-06-10
100590,5500041768,190,0204207170,670,2024-09-23,0,2024-08-26,2024-06-10
100590,5500041768,190,0204207170,672,2024-09-30,0,2024-08-28,2024-06-10
100590,5500041768,190,0204207170,594,2024-10-07,0,2024-05-10,2024-03-20
100590,5500041768,190,0204207170,592,2024-10-14,0,2024-05-08,2024-03-20
100590,5500041768,190,0204207170,603,2024-10-21,0,2024-05-23,2024-03-20
100590,5500041768,190,0204207170,602,2024-10-28,0,2024-05-22,2024-03-20
100590,5500041768,190,0204207170,554,2024-11-04,0,2024-03-15,2024-01-22
100590,5500041768,190,0204207170,608,2024-11-11,0,2024-05-30,2024-03-20
100590,5500041768,190,0204207170,621,2024-11-18,0,2024-06-18,2024-06-10
100590,5500041768,190,0204207170,675,2024-11-25,0,2024-09-02,2024-06-10
100590,5500041768,190,0204207170,493,2024-12-01,27000,2023-12-18,2023-12-13
100590,5500041768,190,0204207170,716,2024-12-02,0,2024-10-29,2024-09-09
100590,5500041768,190,0204207170,740,2024-12-06,27000,2024-12-02,2024-09-09
100590,5500041768,190,0204207170,723,2024-12-09,27000,2024-11-07,2024-09-09
100590,5500041768,190,0204207170,734,2024-12-10,0,2024-11-22,2024-09-09
100590,5500041768,190,0204207170,711,2024-12-16,0,2024-10-22,2024-09-09
100590,5500041768,190,0204207170,594,2024-12-23,0,2024-05-10,2024-03-20
100590,5500041768,190,0204207170,595,2024-12-30,0,2024-05-13,2024-03-20
100590,5500041768,310,0204L82866,490,2023-12-01,7460,2023-12-13,2023-12-11
100590,5500041768,310,0204L82866,490,2023-12-05,10000,2023-12-13,2023-12-11
100590,5500041768,310,0204L82866,495,2023-12-08,7460,2023-12-20,2023-12-13
100590,5500041768,310,0204L82866,495,2023-12-12,10000,2023-12-20,2023-12-13
100590,5500041768,310,0204L82866,495,2023-12-15,2500,2023-12-20,2023-12-13
100590,5500041768,310,0204L82866,495,2023-12-19,15000,2023-12-20,2023-12-13
100590,5500041768,310,0204L82866,499,2024-01-02,9960,2023-12-26,2023-12-20
100590,5500041768,310,0204L82866,508,2024-01-05,4960,2024-01-08,2023-12-26
100590,5500041768,310,0204L82866,485,2024-01-08,17500,2023-12-06,2023-12-05
100590,5500041768,310,0204L82866,510,2024-01-09,9960,2024-01-10,2024-01-08
100590,5500041768,310,0204L82866,513,2024-01-12,7460,2024-01-15,2024-01-10
100590,5500041768,310,0204L82866,490,2024-01-15,17500,2023-12-13,2023-12-11
100590,5500041768,310,0204L82866,513,2024-01-16,10000,2024-01-15,2024-01-10
100590,5500041768,310,0204L82866,518,2024-01-19,7460,2024-01-22,2024-01-15
100590,5500041768,310,0204L82866,495,2024-01-22,15000,2023-12-20,2023-12-13
100590,5500041768,310,0204L82866,518,2024-01-23,10000,2024-01-22,2024-01-15
100590,5500041768,310,0204L82866,518,2024-01-26,5000,2024-01-22,2024-01-15
100590,5500041768,310,0204L82866,501,2024-01-29,15000,2023-12-28,2023-12-26
100590,5500041768,310,0204L82866,518,2024-01-30,10000,2024-01-22,2024-01-15
100590,5500041768,310,0204L82866,525,2024-02-02,4960,2024-01-31,2024-01-22
100590,5500041768,310,0204L82866,507,2024-02-05,15000,2024-01-05,2023-12-26
100590,5500041768,310,0204L82866,530,2024-02-06,9960,2024-02-07,2024-01-31
100590,5500041768,310,0204L82866,533,2024-02-09,2460,2024-02-12,2024-02-07
100590,5500041768,310,0204L82866,512,2024-02-12,15000,2024-01-12,2024-01-10
100590,5500041768,310,0204L82866,533,2024-02-13,7500,2024-02-12,2024-02-07
100590,5500041768,310,0204L82866,535,2024-02-16,9960,2024-02-14,2024-02-12
100590,5500041768,310,0204L82866,517,2024-02-19,12500,2024-01-19,2024-01-15
100590,5500041768,310,0204L82866,535,2024-02-20,5000,2024-02-14,2024-02-12
100590,5500041768,310,0204L82866,538,2024-02-23,2460,2024-02-19,2024-02-14
100590,5500041768,310,0204L82866,522,2024-02-26,17500,2024-01-26,2024-01-22
100590,5500041768,310,0204L82866,539,2024-02-27,4960,2024-02-22,2024-02-21
100590,5500041768,310,0204L82866,539,2024-03-01,5000,2024-02-22,2024-02-21
100590,5500041768,310,0204L82866,527,2024-03-04,15000,2024-02-02,2024-01-31
100590,5500041768,310,0204L82866,545,2024-03-05,9960,2024-03-04,2024-02-26
100590,5500041768,310,0204L82866,547,2024-03-08,4960,2024-03-06,2024-03-04
100590,5500041768,310,0204L82866,532,2024-03-11,12500,2024-02-09,2024-02-07
100590,5500041768,310,0204L82866,547,2024-03-12,12500,2024-03-06,2024-03-04
100590,5500041768,310,0204L82866,537,2024-03-18,12500,2024-02-16,2024-02-14
100590,5500041768,310,0204L82866,556,2024-03-19,9960,2024-03-19,2024-03-06
100590,5500041768,310,0204L82866,556,2024-03-22,2500,2024-03-19,2024-03-06
100590,5500041768,310,0204L82866,539,2024-03-25,12500,2024-02-22,2024-02-21
100590,5500041768,310,0204L82866,556,2024-03-26,12500,2024-03-19,2024-03-06
100590,5500041768,310,0204L82866,544,2024-04-01,17500,2024-03-01,2024-02-26
100590,5500041768,310,0204L82866,572,2024-04-02,2460,2024-04-10,2024-04-08
100590,5500041768,310,0204L82866,575,2024-04-05,2460,2024-04-15,2024-04-10
100590,5500041768,310,0204L82866,548,2024-04-08,15000,2024-03-07,2024-03-06
100590,5500041768,310,0204L82866,575,2024-04-09,10000,2024-04-15,2024-04-10
100590,5500041768,310,0204L82866,575,2024-04-12,5000,2024-04-15,2024-04-10
100590,5500041768,310,0204L82866,553,2024-04-15,17500,2024-03-14,2024-03-06
100590,5500041768,310,0204L82866,577,2024-04-16,7460,2024-04-17,2024-04-15
100590,5500041768,310,0204L82866,577,2024-04-19,17500,2024-04-17,2024-04-15
100590,5500041768,310,0204L82866,558,2024-04-22,25000,2024-03-21,2024-03-19
100590,5500041768,310,0204L82866,577,2024-04-23,2500,2024-04-17,2024-04-15
100590,5500041768,310,0204L82866,585,2024-04-26,7460,2024-04-29,2024-04-17
100590,5500041768,310,0204L82866,563,2024-04-29,10000,2024-03-28,2024-03-19
100590,5500041768,310,0204L82866,597,2024-05-03,7460,2024-05-15,2024-04-29
100590,5500041768,310,0204L82866,568,2024-05-06,5000,2024-04-04,2024-04-03
100590,5500041768,310,0204L82866,601,2024-05-10,4960,2024-05-21,2024-05-17
100590,5500041768,310,0204L82866,571,2024-05-13,15000,2024-04-09,2024-04-08
100590,5500041768,310,0204L82866,602,2024-05-14,9960,2024-05-22,2024-05-21
100590,5500041768,310,0204L82866,576,2024-05-20,15000,2024-04-16,2024-04-15
100590,5500041768,310,0204L82866,605,2024-05-21,7460,2024-05-27,2024-05-22
100590,5500041768,310,0204L82866,605,2024-05-24,5000,2024-05-27,2024-05-22
100590,5500041768,310,0204L82866,580,2024-05-27,17500,2024-04-22,2024-04-17
100590,5500041768,310,0204L82866,605,2024-05-28,10000,2024-05-27,2024-05-22
100590,5500041768,310,0204L82866,610,2024-05-31,9960,2024-06-03,2024-05-27
100590,5500041768,310,0204L82866,585,2024-06-03,15000,2024-04-29,2024-04-17
100590,5500041768,310,0204L82866,610,2024-06-04,10000,2024-06-03,2024-05-27
100590,5500041768,310,0204L82866,610,2024-06-07,7500,2024-06-03,2024-05-27
100590,5500041768,310,0204L82866,591,2024-06-10,17500,2024-05-07,2024-04-29
100590,5500041768,310,0204L82866,610,2024-06-11,10000,2024-06-03,2024-05-27
100590,5500041768,310,0204L82866,620,2024-06-14,7460,2024-06-17,2024-06-03
100590,5500041768,310,0204L82866,598,2024-06-17,15000,2024-05-16,2024-05-15
100590,5500041768,310,0204L82866,620,2024-06-18,2500,2024-06-17,2024-06-03
100590,5500041768,310,0204L82866,621,2024-06-21,4960,2024-06-18,2024-06-17
100590,5500041768,310,0204L82866,604,2024-06-24,20000,2024-05-24,2024-05-22
100590,5500041768,310,0204L82866,627,2024-06-25,4960,2024-06-26,2024-06-18
100590,5500041768,310,0204L82866,627,2024-06-28,7500,2024-06-26,2024-06-18
100590,5500041768,310,0204L82866,609,2024-07-01,20000,2024-05-31,2024-05-27
100590,5500041768,310,0204L82866,627,2024-07-02,12500,2024-06-26,2024-06-18
100590,5500041768,310,0204L82866,632,2024-07-05,2460,2024-07-03,2024-06-26
100590,5500041768,310,0204L82866,614,2024-07-08,20000,2024-06-07,2024-06-03
100590,5500041768,310,0204L82866,632,2024-07-09,17500,2024-07-03,2024-06-26
100590,5500041768,310,0204L82866,640,2024-07-12,4960,2024-07-15,2024-07-03
100590,5500041768,310,0204L82866,619,2024-07-15,15000,2024-06-14,2024-06-03
100590,5500041768,310,0204L82866,640,2024-07-16,15000,2024-07-15,2024-07-03
100590,5500041768,310,0204L82866,650,2024-07-19,4960,2024-07-29,2024-07-15
100590,5500041768,310,0204L82866,624,2024-07-22,2500,2024-06-21,2024-06-18
100590,5500041768,310,0204L82866,650,2024-07-23,2500,2024-07-29,2024-07-15
100590,5500041768,310,0204L82866,629,2024-07-29,7500,2024-06-28,2024-06-26
100590,5500041768,310,0204L82866,652,2024-07-30,4960,2024-07-31,2024-07-29
100590,5500041768,310,0204L82866,545,2024-08-05,0,2024-03-04,2024-02-26
100590,5500041768,310,0204L82866,639,2024-08-12,7500,2024-07-12,2024-07-03
100590,5500041768,310,0204L82866,667,2024-08-16,7500,2024-08-21,2024-07-31
100590,5500041768,310,0204L82866,643,2024-08-19,17500,2024-07-18,2024-07-15
100590,5500041768,310,0204L82866,667,2024-08-20,7500,2024-08-21,2024-07-31
100590,5500041768,310,0204L82866,670,2024-08-23,2500,2024-08-26,2024-08-21
100590,5500041768,310,0204L82866,648,2024-08-26,17500,2024-07-25,2024-07-15
100590,5500041768,310,0204L82866,670,2024-08-27,15000,2024-08-26,2024-08-21
100590,5500041768,310,0204L82866,670,2024-08-30,7500,2024-08-26,2024-08-21
100590,5500041768,310,0204L82866,653,2024-09-02,15000,2024-08-01,2024-07-31
100590,5500041768,310,0204L82866,675,2024-09-03,7500,2024-09-02,2024-08-26
100590,5500041768,310,0204L82866,675,2024-09-06,10000,2024-09-02,2024-08-26
100590,5500041768,310,0204L82866,658,2024-09-09,17500,2024-08-08,2024-07-31
100590,5500041768,310,0204L82866,687,2024-09-10,2500,2024-09-18,2024-09-09
100590,5500041768,310,0204L82866,687,2024-09-13,7500,2024-09-18,2024-09-09
100590,5500041768,310,0204L82866,664,2024-09-16,20000,2024-08-16,2024-07-31
100590,5500041768,310,0204L82866,687,2024-09-17,10000,2024-09-18,2024-09-09
100590,5500041768,310,0204L82866,687,2024-09-20,5000,2024-09-18,2024-09-09
100590,5500041768,310,0204L82866,669,2024-09-23,17500,2024-08-23,2024-08-21
100590,5500041768,310,0204L82866,690,2024-09-24,15000,2024-09-23,2024-09-18
100590,5500041768,310,0204L82866,690,2024-09-27,7500,2024-09-23,2024-09-18
100590,5500041768,310,0204L82866,674,2024-09-30,17500,2024-08-30,2024-08-26
100590,5500041768,310,0204L82866,692,2024-10-01,15000,2024-09-25,2024-09-23
100590,5500041768,310,0204L82866,692,2024-10-04,2500,2024-09-25,2024-09-23
100590,5500041768,310,0204L82866,679,2024-10-07,12500,2024-09-06,2024-09-02
100590,5500041768,310,0204L82866,697,2024-10-08,12500,2024-10-02,2024-09-25
100590,5500041768,310,0204L82866,700,2024-10-11,2500,2024-10-07,2024-10-02
100590,5500041768,310,0204L82866,684,2024-10-14,12500,2024-09-13,2024-09-09
100590,5500041768,310,0204L82866,700,2024-10-15,12500,2024-10-07,2024-10-02
100590,5500041768,310,0204L82866,710,2024-10-18,12500,2024-10-21,2024-10-07
100590,5500041768,310,0204L82866,689,2024-10-21,17500,2024-09-20,2024-09-18
100590,5500041768,310,0204L82866,710,2024-10-22,2500,2024-10-21,2024-10-07
100590,5500041768,310,0204L82866,710,2024-10-25,7500,2024-10-21,2024-10-07
100590,5500041768,310,0204L82866,694,2024-10-28,12500,2024-09-27,2024-09-25
100590,5500041768,310,0204L82866,712,2024-10-29,7500,2024-10-23,2024-10-21
100590,5500041768,310,0204L82866,715,2024-10-31,7500,2024-10-28,2024-10-23
100590,5500041768,310,0204L82866,698,2024-11-04,15000,2024-10-03,2024-10-02
100590,5500041768,310,0204L82866,717,2024-11-05,7500,2024-10-30,2024-10-28
100590,5500041768,310,0204L82866,703,2024-11-11,15000,2024-10-10,2024-10-07
100590,5500041768,310,0204L82866,727,2024-11-12,15000,2024-11-13,2024-10-30
100590,5500041768,310,0204L82866,727,2024-11-15,10000,2024-11-13,2024-10-30
100590,5500041768,310,0204L82866,707,2024-11-18,15000,2024-10-16,2024-10-07
100590,5500041768,310,0204L82866,727,2024-11-19,10000,2024-11-13,2024-10-30
100590,5500041768,310,0204L82866,735,2024-11-22,5000,2024-11-25,2024-11-13
100590,5500041768,310,0204L82866,712,2024-11-25,17500,2024-10-23,2024-10-21
100590,5500041768,310,0204L82866,735,2024-11-26,10000,2024-11-25,2024-11-13
100590,5500041768,310,0204L82866,735,2024-11-29,7500,2024-11-25,2024-11-13
100590,5500041768,310,0204L82866,493,2024-12-01,62500,2023-12-18,2023-12-13
100590,5500041768,310,0204L82866,717,2024-12-02,20000,2024-10-30,2024-10-28
100590,5500041768,310,0204L82866,735,2024-12-03,12500,2024-11-25,2024-11-13
100590,5500041768,310,0204L82866,741,2024-12-06,15000,2024-12-02,2024-11-25
100590,5500041768,310,0204L82866,723,2024-12-09,10000,2024-11-07,2024-10-30
100590,5500041768,310,0204L82866,741,2024-12-10,2500,2024-12-02,2024-11-25
100590,5500041768,310,0204L82866,729,2024-12-16,20000,2024-11-15,2024-11-13
100590,5500041768,310,0204L82866,748,2024-12-17,12500,2024-12-11,2024-12-02
100590,5500041768,310,0204L82866,690,2024-12-23,0,2024-09-23,2024-09-18
100590,5500041768,310,0204L82866,739,2024-12-30,0,2024-11-28,2024-11-25
100630,5500038281,10,0204L68222,1266,2024-01-01,0,,
100630,5500038281,10,0204L68222,1434,2024-01-08,0,,
100630,5500038281,10,0204L68222,1485,2024-01-15,2880,2024-01-15,2023-07-25
100630,5500038281,10,0204L68222,1483,2024-01-22,0,2024-01-11,2023-07-25
100630,5500038281,10,0204L68222,1448,2024-01-29,0,,
100630,5500038281,10,0204L68222,1268,2024-02-01,2880,,
100630,5500038281,10,0204L68222,1486,2024-02-05,0,2024-01-16,2024-01-15
100630,5500038281,10,0204L68222,1494,2024-02-12,0,2024-01-26,2024-01-15
100630,5500038281,10,0204L68222,1512,2024-02-19,2880,2024-02-21,2024-01-15
100630,5500038281,10,0204L68222,1434,2024-02-26,0,,
100630,5500038281,10,0204L68222,1285,2024-03-01,0,,
100630,5500038281,10,0204L68222,1399,2024-03-04,0,,
100630,5500038281,10,0204L68222,1448,2024-03-11,0,,
100630,5500038281,10,0204L68222,1484,2024-03-18,0,2024-01-12,2023-07-25
100630,5500038281,10,0204L68222,1515,2024-03-25,0,2024-02-26,2024-02-21
100630,5500038281,10,0204L68222,1325,2024-04-01,2880,,
100630,5500038281,10,0204L68222,1530,2024-04-08,0,2024-03-18,2024-02-21
100630,5500038281,10,0204L68222,1552,2024-04-15,2880,2024-04-17,2024-02-21
100630,5500038281,10,0204L68222,1533,2024-04-22,0,2024-03-21,2024-02-21
100630,5500038281,10,0204L68222,1325,2024-05-01,2880,,
100630,5500038281,10,0204L68222,1345,2024-05-06,2880,,
100630,5500038281,10,0204L68222,1525,2024-05-13,0,2024-03-11,2024-02-21
100630,5500038281,10,0204L68222,1514,2024-05-27,0,2024-02-23,2024-02-21
100630,5500038281,10,0204L68222,1342,2024-06-01,0,,
100630,5500038281,10,0204L68222,1560,2024-06-03,0,2024-04-29,2024-04-17
100630,5500038281,10,0204L68222,1603,2024-06-10,2880,2024-06-27,2024-04-17
100630,5500038281,10,0204L68222,1585,2024-06-17,0,2024-06-03,2024-04-17
100630,5500038281,10,0204L68222,1571,2024-06-24,0,2024-05-14,2024-04-17
100630,5500038281,10,0204L68222,1524,2024-07-01,0,2024-03-08,2024-02-21
100630,5500038281,10,0204L68222,1579,2024-07-08,0,2024-05-24,2024-04-17
100630,5500038281,10,0204L68222,1515,2024-07-15,0,2024-02-26,2024-02-21
100630,5500038281,10,0204L68222,1530,2024-07-22,0,2024-03-18,2024-02-21
100630,5500038281,10,0204L68222,1627,2024-07-29,2880,2024-07-31,2024-06-27
100630,5500038281,10,0204L68222,1385,2024-08-01,2880,,
100630,5500038281,10,0204L68222,1485,2024-08-05,0,2024-01-15,2023-07-25
100630,5500038281,10,0204L68222,1520,2024-08-12,0,2024-03-04,2024-02-21
100630,5500038281,10,0204L68222,1575,2024-08-19,0,2024-05-20,2024-04-17
100630,5500038281,10,0204L68222,1574,2024-08-26,0,2024-05-17,2024-04-17
100630,5500038281,10,0204L68222,1403,2024-09-01,2880,,
100630,5500038281,10,0204L68222,1603,2024-09-02,0,2024-06-27,2024-04-17
100630,5500038281,10,0204L68222,1598,2024-09-09,0,2024-06-20,2024-04-17
100630,5500038281,10,0204L68222,1558,2024-09-16,0,2024-04-25,2024-04-17
100630,5500038281,10,0204L68222,1623,2024-09-23,0,2024-07-25,2024-06-27
100630,5500038281,10,0204L68222,1625,2024-09-30,0,2024-07-29,2024-06-27
100630,5500038281,10,0204L68222,1424,2024-10-01,0,,
100630,5500038281,10,0204L68222,1615,2024-10-07,0,2024-07-15,2024-06-27
100630,5500038281,10,0204L68222,1682,2024-10-14,2880,2024-10-16,2024-07-31
100630,5500038281,10,0204L68222,1670,2024-10-21,0,2024-09-30,2024-07-31
100630,5500038281,10,0204L68222,1665,2024-10-28,0,2024-09-23,2024-07-31
100630,5500038281,10,0204L68222,1444,2024-11-01,2880,,
100630,5500038281,10,0204L68222,1655,2024-11-04,0,2024-09-09,2024-07-31
100630,5500038281,10,0204L68222,1689,2024-11-08,0,2024-10-28,2024-10-16
100630,5500038281,10,0204L68222,1694,2024-11-18,0,2024-11-04,2024-10-16
100630,5500038281,10,0204L68222,1711,2024-11-25,2880,2024-11-27,2024-10-16
100630,5500038281,10,0204L68222,1443,2024-12-01,0,,
100630,5500038281,10,0204L68222,1703,2024-12-02,0,2024-11-15,2024-10-16
100630,5500038281,10,0204L68222,1623,2024-12-09,0,2024-07-25,2024-06-27
100630,5500038281,10,0204L68222,1704,2024-12-16,0,2024-11-18,2024-10-16
100630,5500038281,20,0204797558,1269,2024-01-01,0,,
100630,5500038281,20,0204797558,1436,2024-01-08,0,,
100630,5500038281,20,0204797558,1489,2024-01-15,2880,2024-01-17,2023-08-02
100630,5500038281,20,0204797558,1421,2024-01-22,0,,
100630,5500038281,20,0204797558,1401,2024-01-29,0,,
100630,5500038281,20,0204797558,1271,2024-02-01,2880,,
100630,5500038281,20,0204797558,1486,2024-02-05,0,2024-01-12,2023-08-02
100630,5500038281,20,0204797558,1450,2024-02-12,0,,
100630,5500038281,20,0204797558,1444,2024-02-19,0,,
100630,5500038281,20,0204797558,1519,2024-02-26,2880,2024-02-28,2024-01-17
100630,5500038281,20,0204797558,1288,2024-03-01,0,,
100630,5500038281,20,0204797558,1515,2024-03-04,0,2024-02-22,2024-01-17
100630,5500038281,20,0204797558,1411,2024-03-11,0,,
100630,5500038281,20,0204797558,1450,2024-03-18,0,,
100630,5500038281,20,0204797558,1486,2024-03-25,0,2024-01-12,2023-08-02
100630,5500038281,20,0204797558,1328,2024-04-01,2880,,
100630,5500038281,20,0204797558,1516,2024-04-08,0,2024-02-23,2024-01-17
100630,5500038281,20,0204797558,1522,2024-04-15,0,2024-03-04,2024-02-28
100630,5500038281,20,0204797558,1560,2024-04-22,2880,2024-04-25,2024-02-28
100630,5500038281,20,0204797558,1328,2024-05-01,2880,,
100630,5500038281,20,0204797558,1348,2024-05-06,2880,,
100630,5500038281,20,0204797558,1527,2024-05-13,0,2024-03-11,2024-02-28
100630,5500038281,20,0204797558,1516,2024-05-27,0,2024-02-23,2024-01-17
100630,5500038281,20,0204797558,1345,2024-06-01,0,,
100630,5500038281,20,0204797558,1562,2024-06-03,0,2024-04-29,2024-04-25
100630,5500038281,20,0204797558,1594,2024-06-10,2880,2024-06-12,2024-04-25
100630,5500038281,20,0204797558,1587,2024-06-17,0,2024-06-03,2024-04-25
100630,5500038281,20,0204797558,1573,2024-06-24,0,2024-05-14,2024-04-25
100630,5500038281,20,0204797558,1526,2024-07-01,0,2024-03-08,2024-02-28
100630,5500038281,20,0204797558,1562,2024-07-08,0,2024-04-29,2024-04-25
100630,5500038281,20,0204797558,1517,2024-07-15,0,2024-02-26,2024-01-17
100630,5500038281,20,0204797558,1532,2024-07-22,0,2024-03-18,2024-02-28
100630,5500038281,20,0204797558,1629,2024-07-29,2880,2024-07-31,2024-06-12
100630,5500038281,20,0204797558,1387,2024-08-01,2880,,
100630,5500038281,20,0204797558,1487,2024-08-05,0,2024-01-15,2023-08-02
100630,5500038281,20,0204797558,1522,2024-08-12,0,2024-03-04,2024-02-28
100630,5500038281,20,0204797558,1616,2024-08-19,0,2024-07-12,2024-06-12
100630,5500038281,20,0204797558,1627,2024-08-26,0,2024-07-29,2024-06-12
100630,5500038281,20,0204797558,1405,2024-09-01,2880,,
100630,5500038281,20,0204797558,1645,2024-09-02,0,2024-08-22,2024-07-31
100630,5500038281,20,0204797558,1595,2024-09-09,0,2024-06-13,2024-06-12
100630,5500038281,20,0204797558,1597,2024-09-16,0,2024-06-17,2024-06-12
100630,5500038281,20,0204797558,1671,2024-09-23,2880,2024-09-27,2024-07-31
100630,5500038281,20,0204797558,1618,2024-09-30,0,2024-07-16,2024-06-12
100630,5500038281,20,0204797558,1426,2024-10-01,0,,
100630,5500038281,20,0204797558,1625,2024-10-07,0,2024-07-25,2024-06-12
100630,5500038281,20,0204797558,1616,2024-10-14,0,2024-07-12,2024-06-12
100630,5500038281,20,0204797558,1627,2024-10-21,0,2024-07-29,2024-06-12
100630,5500038281,20,0204797558,1693,2024-10-28,2880,2024-10-29,2024-09-27
100630,5500038281,20,0204797558,1446,2024-11-01,2880,,
100630,5500038281,20,0204797558,1675,2024-11-04,2880,2024-10-03,2024-09-27
100630,5500038281,20,0204797558,1677,2024-11-08,0,2024-10-07,2024-09-27
100630,5500038281,20,0204797558,1687,2024-11-18,0,2024-10-21,2024-09-27
100630,5500038281,20,0204797558,1651,2024-11-25,0,2024-08-30,2024-07-31
100630,5500038281,20,0204797558,1445,2024-12-01,0,,
100630,5500038281,20,0204797558,1697,2024-12-02,0,2024-11-04,2024-10-29
100630,5500038281,20,0204797558,1657,2024-12-09,0,2024-09-09,2024-07-31
100630,5500038281,20,0204797558,1717,2024-12-16,0,2024-12-02,2024-10-29
100630,9500000187,20,0204205030,991,2024-01-01,20000,,
100630,9500000187,20,0204205030,1142,2024-01-08,12000,2024-01-10,2023-12-20
100630,9500000187,20,0204205030,1147,2024-01-15,12000,2024-01-17,2024-01-10
100630,9500000187,20,0204205030,1152,2024-01-22,60000,2024-01-24,2024-01-17
100630,9500000187,20,0204205030,1144,2024-01-29,0,2024-01-12,2024-01-10
100630,9500000187,20,0204205030,991,2024-02-01,20000,,
100630,9500000187,20,0204205030,1144,2024-02-05,0,2024-01-12,2024-01-10
100630,9500000187,20,0204205030,1150,2024-02-12,0,2024-01-22,2024-01-17
100630,9500000187,20,0204205030,1172,2024-02-19,32000,2024-02-21,2024-01-24
100630,9500000187,20,0204205030,1144,2024-02-26,0,2024-01-12,2024-01-10
100630,9500000187,20,0204205030,1182,2024-03-04,16000,2024-03-06,2024-02-21
100630,9500000187,20,0204205030,1144,2024-03-11,0,2024-01-12,2024-01-10
100630,9500000187,20,0204205030,1197,2024-03-18,68000,2024-03-27,2024-03-20
100630,9500000187,20,0204205030,1144,2024-03-25,0,2024-01-12,2024-01-10
100630,9500000187,20,0204205030,1144,2024-04-08,0,2024-01-12,2024-01-10
100630,9500000187,20,0204205030,1189,2024-04-15,0,2024-03-15,2024-03-06
100630,9500000187,20,0204205030,1144,2024-04-22,0,2024-01-12,2024-01-10
100630,9500000187,20,0204205030,1189,2024-05-13,0,2024-03-15,2024-03-06
100630,9500000187,20,0204205030,1144,2024-05-27,0,2024-01-12,2024-01-10
100630,9500000187,20,0204205030,983,2024-06-01,0,,
100630,9500000187,20,0204205030,1144,2024-06-03,0,2024-01-12,2024-01-10
100630,9500000187,20,0204205030,1144,2024-06-10,0,2024-01-12,2024-01-10
100630,9500000187,20,0204205030,1213,2024-06-17,0,2024-04-18,2024-03-27
100630,9500000187,20,0204205030,1144,2024-06-24,0,2024-01-12,2024-01-10
100630,9500000187,20,0204205030,1144,2024-07-01,0,2024-01-12,2024-01-10
100630,9500000187,20,0204205030,1144,2024-07-08,0,2024-01-12,2024-01-10
100630,9500000187,20,0204205030,1234,2024-07-15,0,2024-05-17,2024-03-27
100630,9500000187,20,0204205030,1144,2024-07-22,0,2024-01-12,2024-01-10
100630,9500000187,20,0204205030,1144,2024-07-29,0,2024-01-12,2024-01-10
100630,9500000187,20,0204205030,1144,2024-08-05,0,2024-01-12,2024-01-10
100630,9500000187,20,0204205030,1144,2024-08-12,0,2024-01-12,2024-01-10
100630,9500000187,20,0204205030,1260,2024-08-19,0,2024-06-24,2024-03-27
100630,9500000187,20,0204205030,1144,2024-08-26,0,2024-01-12,2024-01-10
100630,9500000187,20,0204205030,1028,2024-09-01,0,,
100630,9500000187,20,0204205030,1260,2024-09-02,0,2024-06-24,2024-03-27
100630,9500000187,20,0204205030,1280,2024-09-09,0,2024-07-22,2024-03-27
100630,9500000187,20,0204205030,1280,2024-09-16,0,2024-07-22,2024-03-27
100630,9500000187,20,0204205030,1280,2024-09-23,0,2024-07-22,2024-03-27
100630,9500000187,20,0204205030,1280,2024-09-30,0,2024-07-22,2024-03-27
100630,9500000187,20,0204205030,1032,2024-10-01,0,,
100630,9500000187,20,0204205030,1286,2024-10-07,0,2024-07-30,2024-03-27
100630,9500000187,20,0204205030,1286,2024-10-14,0,2024-07-30,2024-03-27
100630,9500000187,20,0204205030,1286,2024-10-21,0,2024-07-30,2024-03-27
100630,9500000187,20,0204205030,1286,2024-10-28,0,2024-07-30,2024-03-27
100630,9500000187,20,0204205030,1105,2024-11-01,30000,,
100630,9500000187,20,0204205030,1323,2024-11-04,0,2024-09-19,2024-03-27
100630,9500000187,20,0204205030,1323,2024-11-18,0,2024-09-19,2024-03-27
100630,9500000187,30,0204205031,947,2024-01-01,20000,,
100630,9500000187,30,0204205031,1100,2024-01-08,12000,2024-01-10,2023-12-20
100630,9500000187,30,0204205031,1110,2024-01-15,2000,2024-01-24,2024-01-17
100630,9500000187,30,0204205031,1110,2024-01-22,12000,2024-01-24,2024-01-17
100630,9500000187,30,0204205031,1102,2024-01-29,0,2024-01-12,2024-01-10
100630,9500000187,30,0204205031,947,2024-02-01,20000,,
100630,9500000187,30,0204205031,1120,2024-02-05,24000,2024-02-07,2024-01-24
100630,9500000187,30,0204205031,1108,2024-02-12,0,2024-01-22,2024-01-17
100630,9500000187,30,0204205031,1130,2024-02-19,32000,2024-02-21,2024-02-07
100630,9500000187,30,0204205031,1102,2024-02-26,0,2024-01-12,2024-01-10
100630,9500000187,30,0204205031,1102,2024-03-04,0,2024-01-12,2024-01-10
100630,9500000187,30,0204205031,1145,2024-03-11,4000,2024-03-13,2024-02-21
100630,9500000187,30,0204205031,1150,2024-03-18,240000,2024-03-20,2024-03-13
100630,9500000187,30,0204205031,1102,2024-03-25,0,2024-01-12,2024-01-10
100630,9500000187,30,0204205031,1102,2024-04-08,0,2024-01-12,2024-01-10
100630,9500000187,30,0204205031,1147,2024-04-15,0,2024-03-15,2024-03-13
100630,9500000187,30,0204205031,1102,2024-04-22,0,2024-01-12,2024-01-10
100630,9500000187,30,0204205031,1147,2024-05-13,0,2024-03-15,2024-03-13
100630,9500000187,30,0204205031,1102,2024-05-27,0,2024-01-12,2024-01-10
100630,9500000187,30,0204205031,939,2024-06-01,0,,
100630,9500000187,30,0204205031,1102,2024-06-03,0,2024-01-12,2024-01-10
100630,9500000187,30,0204205031,1102,2024-06-10,0,2024-01-12,2024-01-10
100630,9500000187,30,0204205031,1171,2024-06-17,0,2024-04-18,2024-03-20
100630,9500000187,30,0204205031,1102,2024-06-24,0,2024-01-12,2024-01-10
100630,9500000187,30,0204205031,1102,2024-07-01,0,2024-01-12,2024-01-10
100630,9500000187,30,0204205031,1102,2024-07-08,0,2024-01-12,2024-01-10
100630,9500000187,30,0204205031,1192,2024-07-15,0,2024-05-17,2024-03-20
100630,9500000187,30,0204205031,1102,2024-07-22,0,2024-01-12,2024-01-10
100630,9500000187,30,0204205031,1102,2024-07-29,0,2024-01-12,2024-01-10
100630,9500000187,30,0204205031,1102,2024-08-05,0,2024-01-12,2024-01-10
100630,9500000187,30,0204205031,1102,2024-08-12,0,2024-01-12,2024-01-10
100630,9500000187,30,0204205031,1218,2024-08-19,0,2024-06-24,2024-03-20
100630,9500000187,30,0204205031,1102,2024-08-26,0,2024-01-12,2024-01-10
100630,9500000187,30,0204205031,986,2024-09-01,0,,
100630,9500000187,30,0204205031,1238,2024-09-02,0,2024-07-22,2024-03-20
100630,9500000187,30,0204205031,1238,2024-09-09,0,2024-07-22,2024-03-20
100630,9500000187,30,0204205031,1238,2024-09-16,0,2024-07-22,2024-03-20
100630,9500000187,30,0204205031,1238,2024-09-23,0,2024-07-22,2024-03-20
100630,9500000187,30,0204205031,1244,2024-09-30,0,2024-07-30,2024-03-20
100630,9500000187,30,0204205031,990,2024-10-01,0,,
100630,9500000187,30,0204205031,1244,2024-10-07,0,2024-07-30,2024-03-20
100630,9500000187,30,0204205031,1244,2024-10-14,0,2024-07-30,2024-03-20
100630,9500000187,30,0204205031,1244,2024-10-21,0,2024-07-30,2024-03-20
100630,9500000187,30,0204205031,1281,2024-10-28,0,2024-09-19,2024-03-20
100630,9500000187,30,0204205031,1063,2024-11-01,30000,,
100630,9500000187,30,0204205031,1281,2024-11-04,0,2024-09-19,2024-03-20
100630,9500000187,30,0204205031,1281,2024-11-18,0,2024-09-19,2024-03-20
100630,9500000187,50,0204204167,2698,2024-01-01,0,,
100630,9500000187,50,0204204167,2616,2024-01-08,0,,
100630,9500000187,50,0204204167,2734,2024-01-15,0,,
100630,9500000187,50,0204204167,2596,2024-01-22,0,,
100630,9500000187,50,0204204167,2733,2024-01-29,0,,
100630,9500000187,50,0204204167,2701,2024-02-01,600,,
100630,9500000187,50,0204204167,2707,2024-02-05,0,,
100630,9500000187,50,0204204167,2894,2024-02-12,0,,
100630,9500000187,50,0204204167,2765,2024-02-19,0,,
100630,9500000187,50,0204204167,2898,2024-02-26,0,,
100630,9500000187,50,0204204167,2720,2024-03-01,600,,
100630,9500000187,50,0204204167,2872,2024-03-04,0,,
100630,9500000187,50,0204204167,2934,2024-03-11,0,2024-01-12,2023-11-22
100630,9500000187,50,0204204167,2602,2024-03-18,0,,
100630,9500000187,50,0204204167,2887,2024-03-25,0,,
100630,9500000187,50,0204204167,2987,2024-03-29,600,2024-03-27,2023-11-22
100630,9500000187,50,0204204167,2762,2024-04-01,0,,
100630,9500000187,50,0204204167,2880,2024-04-08,0,,
100630,9500000187,50,0204204167,2877,2024-04-15,0,,
100630,9500000187,50,0204204167,2973,2024-04-22,0,2024-03-07,2023-11-22
100630,9500000187,50,0204204167,2765,2024-05-01,0,,
100630,9500000187,50,0204204167,2872,2024-05-13,0,,
100630,9500000187,50,0204204167,2737,2024-06-01,0,,
100630,9500000187,50,0204204167,2968,2024-06-03,0,2024-02-29,2023-11-22
100630,9500000187,50,0204204167,2978,2024-06-10,0,2024-03-14,2023-11-22
100630,9500000187,50,0204204167,2887,2024-06-17,0,,
100630,9500000187,50,0204204167,2949,2024-06-24,0,2024-02-02,2023-11-22
100630,9500000187,50,0204204167,2945,2024-07-01,0,2024-01-29,2023-11-22
100630,9500000187,50,0204204167,3062,2024-07-08,600,2024-07-10,2024-03-27
100630,9500000187,50,0204204167,3008,2024-07-15,0,2024-04-25,2024-03-27
100630,9500000187,50,0204204167,3005,2024-07-29,0,2024-04-22,2024-03-27
100630,9500000187,50,0204204167,2727,2024-08-01,0,,
100630,9500000187,50,0204204167,2934,2024-08-12,0,2024-01-12,2023-11-22
100630,9500000187,50,0204204167,3096,2024-08-19,600,2024-08-27,2024-07-10
100630,9500000187,50,0204204167,2979,2024-08-26,0,2024-03-15,2023-11-22
100630,9500000187,50,0204204167,2754,2024-09-01,0,,
100630,9500000187,50,0204204167,2954,2024-09-16,0,2024-02-09,2023-11-22
100630,9500000187,50,0204204167,2948,2024-09-23,0,2024-02-01,2023-11-22
100630,9500000187,50,0204204167,3050,2024-09-30,0,2024-06-24,2024-03-27
100630,9500000187,50,0204204167,2872,2024-10-01,600,,
100630,9500000187,50,0204204167,3053,2024-10-07,0,2024-06-27,2024-03-27
100630,9500000187,50,0204204167,3075,2024-10-14,0,2024-07-29,2024-07-10
100630,9500000187,50,0204204167,3074,2024-10-21,0,2024-07-26,2024-07-10
100630,9500000187,50,0204204167,2795,2024-11-01,0,,
100630,9500000187,50,0204204167,3049,2024-11-04,0,2024-06-21,2024-03-27
100630,9500000187,50,0204204167,3050,2024-11-18,0,2024-06-24,2024-03-27
100630,9500000187,50,0204204167,3055,2024-11-25,0,2024-07-01,2024-03-27
100630,9500000187,50,0204204167,2805,2024-12-01,0,,
100630,9500000187,50,0204204167,3057,2024-12-02,0,2024-07-03,2024-03-27
100630,9500000187,50,0204204167,3058,2024-12-09,0,2024-07-04,2024-03-27
100630,9500000187,50,0204204167,3094,2024-12-16,0,2024-08-23,2024-07-10
100630,9500000187,60,0204204893,1753,2024-02-26,0,,
100630,9500000187,90,0204750538,2332,2024-01-01,8000,,
100630,9500000187,90,0204750538,2334,2024-01-15,0,,
100630,9500000187,90,0204750538,2368,2024-01-22,0,,
100630,9500000187,90,0204750538,2332,2024-02-01,0,,
100630,9500000187,90,0204750538,2312,2024-02-05,0,,
100630,9500000187,90,0204750538,2369,2024-02-26,0,,
100630,9500000187,90,0204750538,2348,2024-03-04,8000,,
100630,9500000187,90,0204750538,2454,2024-03-11,8000,2024-03-13,2023-04-19
100630,9500000187,90,0204750538,2441,2024-03-18,0,2024-02-23,2023-04-19
100630,9500000187,90,0204750538,2369,2024-03-25,0,,
100630,9500000187,90,0204750538,2358,2024-04-01,0,,
100630,9500000187,90,0204750538,2470,2024-04-22,0,2024-04-04,2024-03-13
100630,9500000187,90,0204750538,2481,2024-05-13,0,2024-04-19,2024-03-13
100630,9500000187,90,0204750538,2475,2024-05-17,0,2024-04-11,2024-03-13
100630,9500000187,90,0204750538,2411,2024-05-27,0,2024-01-12,2023-04-19
100630,9500000187,90,0204750538,2519,2024-06-10,8000,2024-06-12,2024-03-13
100630,9500000187,90,0204750538,2506,2024-06-17,0,2024-05-24,2024-03-13
100630,9500000187,90,0204750538,2498,2024-07-08,0,2024-05-14,2024-03-13
100630,9500000187,90,0204750538,2506,2024-07-29,0,2024-05-24,2024-03-13
100630,9500000187,90,0204750538,2450,2024-08-05,0,2024-03-07,2023-04-19
100630,9500000187,90,0204750538,2411,2024-08-26,0,2024-01-12,2023-04-19
100630,9500000187,90,0204750538,2551,2024-09-09,0,2024-07-26,2024-06-12
100630,9500000187,90,0204750538,2574,2024-10-07,0,2024-08-28,2024-06-12
100630,9500000187,90,0204750538,2613,2024-10-21,8000,2024-10-22,2024-06-12
100630,9500000187,90,0204750538,2592,2024-11-04,0,2024-09-23,2024-06-12
100630,9500000187,90,0204750538,2602,2024-12-09,0,2024-10-07,2024-06-12
100630,9500002363,10,0204201350,1972,2024-01-15,0,,
100630,9500002363,10,0204201350,2020,2024-02-12,0,,
100630,9500002363,10,0204201350,1905,2024-03-04,0,,
100630,9500002363,10,0204201350,2068,2024-03-11,0,2024-01-12,2021-11-03
100630,9500002363,10,0204201350,2131,2024-04-08,16000,2024-04-10,2021-11-03
100630,9500002363,10,0204201350,1924,2024-05-01,0,,
100630,9500002363,10,0204201350,2084,2024-05-13,0,2024-02-05,2021-11-03
100630,9500002363,10,0204201350,1947,2024-05-27,0,,
100630,9500002363,10,0204201350,2105,2024-06-10,0,2024-03-05,2021-11-03
100630,9500002363,10,0204201350,2115,2024-07-15,0,2024-03-19,2021-11-03
100630,9500002363,10,0204201350,1933,2024-08-01,0,,
100630,9500002363,110,0204L99988,1081,2024-01-08,0,,
100630,9500002363,110,0204L99988,999,2024-03-04,0,,
100630,9500002363,110,0204L99988,1009,2024-03-11,0,,
100630,9500002363,110,0204L99988,1011,2024-03-18,0,,
100630,9500002363,110,0204L99988,1023,2024-03-25,0,,
100630,9500002363,110,0204L99988,1057,2024-04-08,0,,
100630,9500002363,110,0204L99988,1057,2024-04-22,0,,
100630,9500002363,110,0204L99988,1076,2024-06-03,0,,
100630,9500002363,120,Inconnu,1161,2024-01-08,0,,
100630,9500002363,120,Inconnu,1161,2024-01-15,0,,
100630,9500002363,120,Inconnu,1161,2024-01-22,0,,
100630,9500002363,120,Inconnu,1161,2024-01-29,0,,
100630,9500002363,120,Inconnu,1161,2024-02-05,0,,
100630,9500002363,120,Inconnu,1161,2024-02-12,0,,
100630,9500002363,120,Inconnu,1161,2024-02-19,0,,
100630,9500002363,120,Inconnu,1161,2024-02-26,0,,
100630,9500002363,120,Inconnu,1161,2024-03-04,0,,
100630,9500002363,120,Inconnu,1161,2024-03-11,0,,
100630,9500002363,120,Inconnu,1161,2024-03-18,0,,
100630,9500002363,120,Inconnu,1161,2024-03-25,0,,
100630,9500002363,120,Inconnu,1161,2024-04-08,0,,
100630,9500002363,120,Inconnu,1161,2024-04-15,0,,
100630,9500002363,120,Inconnu,1161,2024-04-22,0,,
100630,9500002363,120,Inconnu,1161,2024-05-13,0,,
100630,9500002363,120,Inconnu,1095,2024-06-10,0,,
100630,9500002363,120,Inconnu,1115,2024-07-29,0,,
100630,9500002363,120,Inconnu,1125,2024-09-09,0,,
100630,9500002363,130,0204L99989,1027,2024-02-05,0,,
100630,9500002363,130,0204L99989,998,2024-03-04,0,,
100630,9500002363,130,0204L99989,1051,2024-04-22,0,,
100630,9500002363,130,0204L99989,1067,2024-11-01,0,,
100630,9500002363,130,0204L99989,1068,2024-12-01,0,,
100630,9500002363,150,0204N11597,883,2024-01-01,18432,,
100630,9500002363,150,0204N11597,1112,2024-01-08,4608,2024-01-03,2023-12-20
100630,9500002363,150,0204N11597,1117,2024-01-15,3456,2024-01-10,2024-01-03
100630,9500002363,150,0204N11597,1122,2024-01-22,5760,2024-01-17,2024-01-10
100630,9500002363,150,0204N11597,1132,2024-01-29,6912,2024-01-31,2024-01-24
100630,9500002363,150,0204N11597,883,2024-02-01,18432,,
100630,9500002363,150,0204N11597,1137,2024-02-05,5184,2024-02-07,2024-01-31
100630,9500002363,150,0204N11597,1142,2024-02-12,3456,2024-02-14,2024-02-07
100630,9500002363,150,0204N11597,1142,2024-02-19,5184,2024-02-14,2024-02-07
100630,9500002363,150,0204N11597,1147,2024-02-26,576,2024-02-21,2024-02-14
100630,9500002363,150,0204N11597,905,2024-03-01,23040,,
100630,9500002363,150,0204N11597,1157,2024-03-04,5760,2024-03-06,2024-02-21
100630,9500002363,150,0204N11597,1162,2024-03-11,5184,2024-03-13,2024-03-06
100630,9500002363,150,0204N11597,1167,2024-03-18,5760,2024-03-20,2024-03-13
100630,9500002363,150,0204N11597,1172,2024-03-25,6912,2024-03-27,2024-03-20
100630,9500002363,150,0204N11597,1177,2024-03-29,6912,2024-04-03,2024-03-27
100630,9500002363,150,0204N11597,949,2024-04-01,22464,,
100630,9500002363,150,0204N11597,1182,2024-04-08,2880,2024-04-10,2024-04-03
100630,9500002363,150,0204N11597,1187,2024-04-15,5760,2024-04-17,2024-04-10
100630,9500002363,150,0204N11597,1192,2024-04-22,13248,2024-04-24,2024-04-17
100630,9500002363,150,0204N11597,949,2024-05-01,12096,,
100630,9500002363,150,0204N11597,972,2024-05-06,13248,,
100630,9500002363,150,0204N11597,1207,2024-05-13,2880,2024-05-15,2024-04-24
100630,9500002363,150,0204N11597,1212,2024-05-17,4608,2024-05-22,2024-05-15
100630,9500002363,150,0204N11597,1217,2024-05-27,6336,2024-05-29,2024-05-22
100630,9500002363,150,0204N11597,972,2024-06-01,17856,,
100630,9500002363,150,0204N11597,1222,2024-06-03,3456,2024-06-05,2024-05-29
100630,9500002363,150,0204N11597,1227,2024-06-10,2880,2024-06-12,2024-06-05
100630,9500002363,150,0204N11597,1232,2024-06-17,4032,2024-06-19,2024-06-12
100630,9500002363,150,0204N11597,1237,2024-06-24,5184,2024-06-26,2024-06-19
100630,9500002363,150,0204N11597,1242,2024-07-01,4032,2024-07-03,2024-06-26
100630,9500002363,150,0204N11597,1247,2024-07-08,1728,2024-07-10,2024-07-03
100630,9500002363,150,0204N11597,1252,2024-07-15,576,2024-07-17,2024-07-10
100630,9500002363,150,0204N11597,1167,2024-07-22,0,2024-03-20,2024-03-13
100630,9500002363,150,0204N11597,1262,2024-07-29,10368,2024-07-31,2024-07-17
100630,9500002363,150,0204N11597,1012,2024-08-01,17856,,
100630,9500002363,150,0204N11597,1155,2024-08-05,0,2024-03-04,2024-02-21
100630,9500002363,150,0204N11597,1155,2024-08-12,0,2024-03-04,2024-02-21
100630,9500002363,150,0204N11597,1276,2024-08-19,5184,2024-08-20,2024-07-31
100630,9500002363,150,0204N11597,1282,2024-08-26,4032,2024-08-28,2024-08-20
100630,9500002363,150,0204N11597,1036,2024-09-01,24192,,
100630,9500002363,150,0204N11597,1287,2024-09-02,4032,2024-09-04,2024-08-28
100630,9500002363,150,0204N11597,1292,2024-09-09,6912,2024-09-11,2024-09-04
100630,9500002363,150,0204N11597,1297,2024-09-16,5184,2024-09-18,2024-09-11
100630,9500002363,150,0204N11597,1302,2024-09-23,6336,2024-09-25,2024-09-18
100630,9500002363,150,0204N11597,1307,2024-09-30,4608,2024-10-02,2024-09-25
100630,9500002363,150,0204N11597,1057,2024-10-01,19008,,
100630,9500002363,150,0204N11597,1312,2024-10-07,3456,2024-10-09,2024-10-02
100630,9500002363,150,0204N11597,1317,2024-10-14,4032,2024-10-16,2024-10-09
100630,9500002363,150,0204N11597,1322,2024-10-21,5184,2024-10-23,2024-10-16
100630,9500002363,150,0204N11597,1314,2024-10-28,0,2024-10-11,2024-10-09
100630,9500002363,150,0204N11597,1079,2024-11-01,16128,,
100630,9500002363,150,0204N11597,1332,2024-11-04,4032,2024-11-06,2024-10-23
100630,9500002363,150,0204N11597,1337,2024-11-08,2880,2024-11-13,2024-11-06
100630,9500002363,150,0204N11597,1342,2024-11-18,4608,2024-11-20,2024-11-13
100630,9500002363,150,0204N11597,1347,2024-11-25,3456,2024-11-27,2024-11-21
100630,9500002363,150,0204N11597,1100,2024-12-01,20160,2023-12-18,2023-12-13
100630,9500002363,150,0204N11597,1352,2024-12-02,1728,2024-12-04,2024-11-27
100630,9500002363,150,0204N11597,1357,2024-12-09,576,2024-12-11,2024-12-04
100630,9500002363,150,0204N11597,1362,2024-12-16,2880,2024-12-18,2024-12-11
100630,9500002363,160,0204N11598,884,2024-01-01,18432,,
100630,9500002363,160,0204N11598,1118,2024-01-08,576,2024-01-10,2024-01-03
100630,9500002363,160,0204N11598,1123,2024-01-15,1728,2024-01-17,2024-01-10
100630,9500002363,160,0204N11598,1123,2024-01-22,5184,2024-01-17,2024-01-10
100630,9500002363,160,0204N11598,1133,2024-01-29,6336,2024-01-31,2024-01-24
100630,9500002363,160,0204N11598,884,2024-02-01,17856,,
100630,9500002363,160,0204N11598,1138,2024-02-05,5760,2024-02-07,2024-01-31
100630,9500002363,160,0204N11598,1138,2024-02-12,5760,2024-02-07,2024-01-31
100630,9500002363,160,0204N11598,1143,2024-02-19,5760,2024-02-14,2024-02-07
100630,9500002363,160,0204N11598,1139,2024-02-26,0,2024-02-08,2024-02-07
100630,9500002363,160,0204N11598,906,2024-03-01,22464,,
100630,9500002363,160,0204N11598,1158,2024-03-04,6336,2024-03-06,2024-02-14
100630,9500002363,160,0204N11598,1163,2024-03-11,3456,2024-03-13,2024-03-06
100630,9500002363,160,0204N11598,1168,2024-03-18,6336,2024-03-20,2024-03-13
100630,9500002363,160,0204N11598,1173,2024-03-25,6912,2024-03-27,2024-03-20
100630,9500002363,160,0204N11598,1178,2024-03-29,6336,2024-04-03,2024-03-27
100630,9500002363,160,0204N11598,950,2024-04-01,22464,,
100630,9500002363,160,0204N11598,1183,2024-04-08,5184,2024-04-10,2024-04-03
100630,9500002363,160,0204N11598,1188,2024-04-15,4608,2024-04-17,2024-04-10
100630,9500002363,160,0204N11598,1193,2024-04-22,11520,2024-04-24,2024-04-17
100630,9500002363,160,0204N11598,950,2024-05-01,12096,,
100630,9500002363,160,0204N11598,973,2024-05-06,13248,,
100630,9500002363,160,0204N11598,1208,2024-05-13,1152,2024-05-15,2024-04-24
100630,9500002363,160,0204N11598,1213,2024-05-17,7488,2024-05-22,2024-05-15
100630,9500002363,160,0204N11598,1218,2024-05-27,6912,2024-05-29,2024-05-22
100630,9500002363,160,0204N11598,973,2024-06-01,17856,,
100630,9500002363,160,0204N11598,1223,2024-06-03,2880,2024-06-05,2024-05-29
100630,9500002363,160,0204N11598,1228,2024-06-10,2880,2024-06-12,2024-06-05
100630,9500002363,160,0204N11598,1233,2024-06-17,3456,2024-06-19,2024-06-12
100630,9500002363,160,0204N11598,1238,2024-06-24,5760,2024-06-26,2024-06-19
100630,9500002363,160,0204N11598,1243,2024-07-01,3456,2024-07-03,2024-06-26
100630,9500002363,160,0204N11598,1248,2024-07-08,3456,2024-07-10,2024-07-03
100630,9500002363,160,0204N11598,1169,2024-07-15,0,2024-03-21,2024-03-20
100630,9500002363,160,0204N11598,1168,2024-07-22,0,2024-03-20,2024-03-13
100630,9500002363,160,0204N11598,1263,2024-07-29,9792,2024-07-31,2024-07-10
100630,9500002363,160,0204N11598,1013,2024-08-01,17856,,
100630,9500002363,160,0204N11598,1156,2024-08-05,0,2024-03-04,2024-02-14
100630,9500002363,160,0204N11598,1156,2024-08-12,0,2024-03-04,2024-02-14
100630,9500002363,160,0204N11598,1277,2024-08-19,6336,2024-08-20,2024-07-31
100630,9500002363,160,0204N11598,1283,2024-08-26,4032,2024-08-28,2024-08-20
100630,9500002363,160,0204N11598,1037,2024-09-01,23616,,
100630,9500002363,160,0204N11598,1288,2024-09-02,4032,2024-09-04,2024-08-28
100630,9500002363,160,0204N11598,1293,2024-09-09,5184,2024-09-11,2024-09-04
100630,9500002363,160,0204N11598,1298,2024-09-16,6912,2024-09-18,2024-09-11
100630,9500002363,160,0204N11598,1303,2024-09-23,5760,2024-09-25,2024-09-18
100630,9500002363,160,0204N11598,1308,2024-09-30,4608,2024-10-02,2024-09-25
100630,9500002363,160,0204N11598,1058,2024-10-01,19008,,
100630,9500002363,160,0204N11598,1313,2024-10-07,2880,2024-10-09,2024-10-02
100630,9500002363,160,0204N11598,1318,2024-10-14,4032,2024-10-16,2024-10-09
100630,9500002363,160,0204N11598,1323,2024-10-21,4032,2024-10-23,2024-10-16
100630,9500002363,160,0204N11598,1327,2024-10-28,1152,2024-10-29,2024-10-23
100630,9500002363,160,0204N11598,1080,2024-11-01,16128,,
100630,9500002363,160,0204N11598,1333,2024-11-04,3456,2024-11-06,2024-10-29
100630,9500002363,160,0204N11598,1338,2024-11-08,4032,2024-11-13,2024-11-06
100630,9500002363,160,0204N11598,1343,2024-11-18,4608,2024-11-20,2024-11-13
100630,9500002363,160,0204N11598,1348,2024-11-25,2880,2024-11-27,2024-11-20
100630,9500002363,160,0204N11598,1101,2024-12-01,19584,2023-12-18,2023-12-13
100630,9500002363,160,0204N11598,1353,2024-12-02,2304,2024-12-04,2024-11-27
100630,9500002363,160,0204N11598,1358,2024-12-09,1152,2024-12-11,2024-12-04
100630,9500002363,160,0204N11598,1363,2024-12-16,3456,2024-12-18,2024-12-11
100630,9500002363,180,0204N30620,515,2024-01-01,57600,,
100630,9500002363,180,0204N30620,754,2024-01-08,9600,2024-01-17,2024-01-09
100630,9500002363,180,0204N30620,754,2024-01-15,19200,2024-01-17,2024-01-09
100630,9500002363,180,0204N30620,759,2024-01-22,11520,2024-01-24,2024-01-17
100630,9500002363,180,0204N30620,764,2024-01-29,19200,2024-01-31,2024-01-24
100630,9500002363,180,0204N30620,515,2024-02-01,57600,,
100630,9500002363,180,0204N30620,769,2024-02-05,9600,2024-02-07,2024-01-31
100630,9500002363,180,0204N30620,769,2024-02-12,9600,2024-02-07,2024-01-31
100630,9500002363,180,0204N30620,779,2024-02-19,9600,2024-02-21,2024-02-14
100630,9500002363,180,0204N30620,779,2024-02-26,19200,2024-02-21,2024-02-14
100630,9500002363,180,0204N30620,537,2024-03-01,67200,,
100630,9500002363,180,0204N30620,789,2024-03-04,9600,2024-03-06,2024-02-21
100630,9500002363,180,0204N30620,794,2024-03-11,9600,2024-03-13,2024-03-06
100630,9500002363,180,0204N30620,794,2024-03-18,19200,2024-03-13,2024-03-06
100630,9500002363,180,0204N30620,799,2024-03-25,9600,2024-03-20,2024-03-13
100630,9500002363,180,0204N30620,804,2024-03-29,19200,2024-03-27,2024-03-20
100630,9500002363,180,0204N30620,581,2024-04-01,67200,,
100630,9500002363,180,0204N30620,814,2024-04-08,19200,2024-04-10,2024-03-27
100630,9500002363,180,0204N30620,819,2024-04-15,19200,2024-04-17,2024-04-10
100630,9500002363,180,0204N30620,824,2024-04-22,38400,2024-04-24,2024-04-17
100630,9500002363,180,0204N30620,581,2024-05-01,38400,,
100630,9500002363,180,0204N30620,604,2024-05-06,38400,,
100630,9500002363,180,0204N30620,844,2024-05-13,240,2024-05-22,2024-05-15
100630,9500002363,180,0204N30620,849,2024-05-17,240,2024-05-29,2024-05-22
100630,9500002363,180,0204N30620,849,2024-05-27,9600,2024-05-29,2024-05-22
100630,9500002363,180,0204N30620,604,2024-06-01,57600,,
100630,9500002363,180,0204N30620,854,2024-06-03,28800,2024-06-05,2024-05-29
100630,9500002363,180,0204N30620,859,2024-06-10,19200,2024-06-12,2024-06-05
100630,9500002363,180,0204N30620,864,2024-06-17,19200,2024-06-19,2024-06-12
100630,9500002363,180,0204N30620,869,2024-06-24,19200,2024-06-26,2024-06-19
100630,9500002363,180,0204N30620,880,2024-07-01,2880,2024-07-11,2024-07-03
100630,9500002363,180,0204N30620,880,2024-07-08,19200,2024-07-11,2024-07-03
100630,9500002363,180,0204N30620,847,2024-07-15,0,2024-05-27,2024-05-22
100630,9500002363,180,0204N30620,798,2024-07-22,0,2024-03-19,2024-03-13
100630,9500002363,180,0204N30620,894,2024-07-29,28800,2024-07-31,2024-07-11
100630,9500002363,180,0204N30620,644,2024-08-01,48000,,
100630,9500002363,180,0204N30620,787,2024-08-05,0,2024-03-04,2024-02-21
100630,9500002363,180,0204N30620,787,2024-08-12,0,2024-03-04,2024-02-21
100630,9500002363,180,0204N30620,908,2024-08-19,19200,2024-08-20,2024-07-31
100630,9500002363,180,0204N30620,914,2024-08-26,9600,2024-08-28,2024-08-20
100630,9500002363,180,0204N30620,668,2024-09-01,67200,,
100630,9500002363,180,0204N30620,919,2024-09-02,19200,2024-09-04,2024-08-28
100630,9500002363,180,0204N30620,930,2024-09-09,3120,2024-09-19,2024-09-11
100630,9500002363,180,0204N30620,934,2024-09-16,3120,2024-09-25,2024-09-19
100630,9500002363,180,0204N30620,934,2024-09-23,28800,2024-09-25,2024-09-19
100630,9500002363,180,0204N30620,939,2024-09-30,9600,2024-10-02,2024-09-25
100630,9500002363,180,0204N30620,689,2024-10-01,57600,,
100630,9500002363,180,0204N30620,944,2024-10-07,19200,2024-10-09,2024-10-02
100630,9500002363,180,0204N30620,956,2024-10-14,8640,2024-10-25,2024-10-16
100630,9500002363,180,0204N30620,958,2024-10-21,18240,2024-10-29,2024-10-25
100630,9500002363,180,0204N30620,958,2024-10-28,19200,2024-10-29,2024-10-25
100630,9500002363,180,0204N30620,711,2024-11-01,57600,,
100630,9500002363,180,0204N30620,964,2024-11-04,8640,2024-11-06,2024-10-29
100630,9500002363,180,0204N30620,969,2024-11-08,18240,2024-11-13,2024-11-06
100630,9500002363,180,0204N30620,974,2024-11-18,18240,2024-11-20,2024-11-13
100630,9500002363,180,0204N30620,979,2024-11-25,19200,2024-11-27,2024-11-20
100630,9500002363,180,0204N30620,732,2024-12-01,67200,2023-12-18,2023-11-29
100630,9500002363,180,0204N30620,984,2024-12-02,9600,2024-12-04,2024-11-27
100630,9500002363,180,0204N30620,889,2024-12-09,0,2024-07-24,2024-07-11
100630,9500002363,180,0204N30620,1007,2024-12-16,3600,,
100630,9500002363,20,0204204526,3231,2024-01-01,32000,,
100630,9500002363,20,0204204526,3427,2024-01-08,0,,
100630,9500002363,20,0204204526,3421,2024-01-15,0,,
100630,9500002363,20,0204204526,3426,2024-01-22,0,,
100630,9500002363,20,0204204526,3374,2024-01-29,0,,
100630,9500002363,20,0204204526,3231,2024-02-01,32000,,
100630,9500002363,20,0204204526,3365,2024-02-05,0,,
100630,9500002363,20,0204204526,3397,2024-02-12,0,,
100630,9500002363,20,0204204526,3467,2024-02-19,0,2024-01-12,2023-10-25
100630,9500002363,20,0204204526,3486,2024-02-26,0,2024-02-08,2024-02-06
100630,9500002363,20,0204204526,3253,2024-03-01,32000,,
100630,9500002363,20,0204204526,3505,2024-03-04,32000,2024-03-06,2024-02-06
100630,9500002363,20,0204204526,3420,2024-03-11,0,,
100630,9500002363,20,0204204526,3418,2024-03-18,0,,
100630,9500002363,20,0204204526,3417,2024-03-25,0,,
100630,9500002363,20,0204204526,3264,2024-04-01,0,,
100630,9500002363,20,0204204526,3402,2024-04-08,0,,
100630,9500002363,20,0204204526,3535,2024-04-15,32000,2024-04-17,2024-03-06
100630,9500002363,20,0204204526,3540,2024-04-22,32000,2024-04-24,2024-04-17
100630,9500002363,20,0204204526,3546,2024-04-23,32000,2024-05-02,2024-04-24
100630,9500002363,20,0204204526,3237,2024-05-01,0,,
100630,9500002363,20,0204204526,3311,2024-05-06,0,,
100630,9500002363,20,0204204526,3511,2024-05-13,0,2024-03-14,2024-03-06
100630,9500002363,20,0204204526,3514,2024-05-27,0,2024-03-19,2024-03-06
100630,9500002363,20,0204204526,3310,2024-06-01,0,,
100630,9500002363,20,0204204526,3414,2024-06-03,0,,
100630,9500002363,20,0204204526,3525,2024-06-10,0,2024-04-03,2024-03-06
100630,9500002363,20,0204204526,3467,2024-06-17,0,2024-01-12,2023-10-25
100630,9500002363,20,0204204526,3421,2024-06-24,0,,
100630,9500002363,20,0204204526,3402,2024-07-01,0,,
100630,9500002363,20,0204204526,3423,2024-07-15,0,,
100630,9500002363,20,0204204526,3426,2024-07-22,0,,
100630,9500002363,20,0204204526,3470,2024-07-29,0,2024-01-17,2023-10-25
100630,9500002363,20,0204204526,3305,2024-08-01,0,,
100630,9500002363,20,0204204526,3475,2024-08-05,0,2024-01-24,2023-10-25
100630,9500002363,20,0204204526,3476,2024-08-12,0,2024-01-25,2024-01-24
100630,9500002363,20,0204204526,3485,2024-08-19,0,2024-02-07,2024-02-06
100630,9500002363,20,0204204526,3532,2024-08-26,0,2024-04-12,2024-03-06
100630,9500002363,20,0204204526,3322,2024-09-01,0,,
100630,9500002363,20,0204204526,3545,2024-09-02,0,2024-05-01,2024-04-24
100630,9500002363,20,0204204526,3538,2024-09-09,0,2024-04-22,2024-04-17
100630,9500002363,20,0204204526,3533,2024-09-16,0,2024-04-15,2024-03-06
100630,9500002363,20,0204204526,3529,2024-09-23,0,2024-04-09,2024-03-06
100630,9500002363,20,0204204526,3511,2024-09-30,0,2024-03-14,2024-03-06
100630,9500002363,20,0204204526,3307,2024-10-01,0,,
100630,9500002363,20,0204204526,3520,2024-10-07,0,2024-03-27,2024-03-06
100630,9500002363,20,0204204526,3618,2024-10-14,0,2024-08-12,2024-05-02
100630,9500002363,20,0204204526,3669,2024-10-21,32000,2024-10-22,2024-05-02
100630,9500002363,20,0204204526,3591,2024-10-28,0,2024-07-04,2024-05-02
100630,9500002363,20,0204204526,3426,2024-11-01,0,,
100630,9500002363,20,0204204526,3585,2024-11-04,0,2024-06-26,2024-05-02
100630,9500002363,20,0204204526,3570,2024-11-18,0,2024-06-05,2024-05-02
100630,9500002363,20,0204204526,3551,2024-11-25,0,2024-05-09,2024-05-02
100630,9500002363,20,0204204526,3422,2024-12-01,0,,
100630,9500002363,20,0204204526,3542,2024-12-02,0,2024-04-26,2024-04-24
100630,9500002363,20,0204204526,3680,2024-12-16,0,2024-11-06,2024-10-22
100630,9500002363,200,0204N32226,475,2024-01-01,28800,,
100630,9500002363,200,0204N32226,714,2024-01-08,3024,2024-01-17,2024-01-03
100630,9500002363,200,0204N32226,714,2024-01-15,5760,2024-01-17,2024-01-03
100630,9500002363,200,0204N32226,674,2024-01-22,0,,
100630,9500002363,200,0204N32226,711,2024-01-29,0,2024-01-12,2024-01-03
100630,9500002363,200,0204N32226,475,2024-02-01,23040,,
100630,9500002363,200,0204N32226,711,2024-02-05,0,2024-01-12,2024-01-03
100630,9500002363,200,0204N32226,711,2024-02-12,0,2024-01-12,2024-01-03
100630,9500002363,200,0204N32226,675,2024-02-19,0,,
100630,9500002363,200,0204N32226,739,2024-02-26,5760,2024-02-21,2024-01-17
100630,9500002363,200,0204N32226,497,2024-03-01,28800,,
100630,9500002363,200,0204N32226,732,2024-03-04,0,2024-02-12,2024-01-17
100630,9500002363,200,0204N32226,735,2024-03-11,0,2024-02-15,2024-01-17
100630,9500002363,200,0204N32226,754,2024-03-18,5760,2024-03-13,2024-02-21
100630,9500002363,200,0204N32226,759,2024-03-25,5760,2024-03-20,2024-03-13
100630,9500002363,200,0204N32226,748,2024-03-29,0,2024-03-05,2024-02-21
100630,9500002363,200,0204N32226,541,2024-04-01,28800,,
100630,9500002363,200,0204N32226,760,2024-04-08,0,2024-03-21,2024-03-20
100630,9500002363,200,0204N32226,779,2024-04-15,5760,2024-04-17,2024-03-20
100630,9500002363,200,0204N32226,784,2024-04-22,5760,2024-04-24,2024-04-17
100630,9500002363,200,0204N32226,541,2024-05-01,17280,,
100630,9500002363,200,0204N32226,564,2024-05-06,17280,,
100630,9500002363,200,0204N32226,799,2024-05-13,5760,2024-05-15,2024-04-24
100630,9500002363,200,0204N32226,784,2024-05-17,0,2024-04-24,2024-04-17
100630,9500002363,200,0204N32226,783,2024-05-27,0,2024-04-23,2024-04-17
100630,9500002363,200,0204N32226,564,2024-06-01,23040,,
100630,9500002363,200,0204N32226,814,2024-06-03,5760,2024-06-05,2024-05-15
100630,9500002363,200,0204N32226,805,2024-06-10,0,2024-05-23,2024-05-15
100630,9500002363,200,0204N32226,824,2024-06-17,5760,2024-06-19,2024-06-05
100630,9500002363,200,0204N32226,812,2024-06-24,0,2024-06-03,2024-05-15
100630,9500002363,200,0204N32226,844,2024-07-01,2880,2024-07-17,2024-07-03
100630,9500002363,200,0204N32226,822,2024-07-08,0,2024-06-17,2024-06-05
100630,9500002363,200,0204N32226,819,2024-07-15,0,2024-06-12,2024-06-05
100630,9500002363,200,0204N32226,747,2024-07-22,0,2024-03-04,2024-02-21
100630,9500002363,200,0204N32226,825,2024-07-29,0,2024-06-20,2024-06-19
100630,9500002363,200,0204N32226,604,2024-08-01,17280,,
100630,9500002363,200,0204N32226,745,2024-08-05,0,2024-02-29,2024-02-21
100630,9500002363,200,0204N32226,735,2024-08-12,0,2024-02-15,2024-01-17
100630,9500002363,200,0204N32226,838,2024-08-19,0,2024-07-09,2024-07-03
100630,9500002363,200,0204N32226,840,2024-08-26,0,2024-07-11,2024-07-03
100630,9500002363,200,0204N32226,628,2024-09-01,28800,,
100630,9500002363,200,0204N32226,854,2024-09-02,0,2024-07-31,2024-07-17
100630,9500002363,200,0204N32226,869,2024-09-09,0,2024-08-21,2024-07-17
100630,9500002363,200,0204N32226,889,2024-09-16,5760,2024-09-18,2024-07-17
100630,9500002363,200,0204N32226,874,2024-09-23,0,2024-08-28,2024-07-17
100630,9500002363,200,0204N32226,899,2024-09-30,5760,2024-10-02,2024-09-18
100630,9500002363,200,0204N32226,649,2024-10-01,23040,,
100630,9500002363,200,0204N32226,875,2024-10-07,0,2024-08-29,2024-07-17
100630,9500002363,200,0204N32226,891,2024-10-14,0,2024-09-20,2024-09-18
100630,9500002363,200,0204N32226,894,2024-10-21,0,2024-09-25,2024-09-18
100630,9500002363,200,0204N32226,918,2024-10-28,5760,2024-10-29,2024-10-02
100630,9500002363,200,0204N32226,671,2024-11-01,17280,,
100630,9500002363,200,0204N32226,907,2024-11-04,0,2024-10-14,2024-10-02
100630,9500002363,200,0204N32226,899,2024-11-18,0,2024-10-02,2024-09-18
100630,9500002363,200,0204N32226,907,2024-11-25,0,2024-10-14,2024-10-02
100630,9500002363,200,0204N32226,692,2024-12-01,17280,2023-12-18,2023-12-13
100630,9500002363,200,0204N32226,944,2024-12-02,5760,2024-12-04,2024-10-29
100630,9500002363,200,0204N32226,931,2024-12-09,0,2024-11-15,2024-10-29
100630,9500002363,200,0204N32226,954,2024-12-16,5760,2024-12-18,2024-12-04
100630,9500002363,210,0204N32227,475,2024-01-01,28800,,
100630,9500002363,210,0204N32227,675,2024-01-08,0,,
100630,9500002363,210,0204N32227,725,2024-01-15,3168,2024-02-01,2024-01-24
100630,9500002363,210,0204N32227,725,2024-01-22,5760,2024-02-01,2024-01-24
100630,9500002363,210,0204N32227,711,2024-01-29,0,2024-01-12,2023-12-13
100630,9500002363,210,0204N32227,475,2024-02-01,23040,,
100630,9500002363,210,0204N32227,675,2024-02-05,0,,
100630,9500002363,210,0204N32227,720,2024-02-12,0,2024-01-25,2024-01-24
100630,9500002363,210,0204N32227,724,2024-02-19,0,2024-01-31,2024-01-24
100630,9500002363,210,0204N32227,739,2024-02-26,5760,2024-02-21,2024-02-01
100630,9500002363,210,0204N32227,497,2024-03-01,28800,,
100630,9500002363,210,0204N32227,729,2024-03-04,0,2024-02-07,2024-02-01
100630,9500002363,210,0204N32227,754,2024-03-11,5760,2024-03-13,2024-02-21
100630,9500002363,210,0204N32227,754,2024-03-18,5760,2024-03-13,2024-02-21
100630,9500002363,210,0204N32227,747,2024-03-25,0,2024-03-04,2024-02-21
100630,9500002363,210,0204N32227,755,2024-03-29,0,2024-03-14,2024-03-13
100630,9500002363,210,0204N32227,541,2024-04-01,28800,,
100630,9500002363,210,0204N32227,762,2024-04-08,0,2024-03-25,2024-03-13
100630,9500002363,210,0204N32227,779,2024-04-15,5760,2024-04-17,2024-03-13
100630,9500002363,210,0204N32227,784,2024-04-22,11520,2024-04-24,2024-04-17
100630,9500002363,210,0204N32227,541,2024-05-01,17280,,
100630,9500002363,210,0204N32227,564,2024-05-06,17280,,
100630,9500002363,210,0204N32227,778,2024-05-13,0,2024-04-16,2024-03-13
100630,9500002363,210,0204N32227,779,2024-05-17,0,2024-04-17,2024-03-13
100630,9500002363,210,0204N32227,809,2024-05-27,5760,2024-05-29,2024-04-24
100630,9500002363,210,0204N32227,564,2024-06-01,23040,,
100630,9500002363,210,0204N32227,814,2024-06-03,5760,2024-06-05,2024-05-29
100630,9500002363,210,0204N32227,800,2024-06-10,0,2024-05-16,2024-04-24
100630,9500002363,210,0204N32227,789,2024-06-17,0,2024-05-01,2024-04-24
100630,9500002363,210,0204N32227,829,2024-06-24,5760,2024-06-26,2024-06-05
100630,9500002363,210,0204N32227,815,2024-07-01,0,2024-06-06,2024-06-05
100630,9500002363,210,0204N32227,823,2024-07-08,0,2024-06-18,2024-06-05
100630,9500002363,210,0204N32227,822,2024-07-15,0,2024-06-17,2024-06-05
100630,9500002363,210,0204N32227,756,2024-07-22,0,2024-03-15,2024-03-13
100630,9500002363,210,0204N32227,835,2024-07-29,0,2024-07-04,2024-06-26
100630,9500002363,210,0204N32227,604,2024-08-01,17280,,
100630,9500002363,210,0204N32227,747,2024-08-05,0,2024-03-04,2024-02-21
100630,9500002363,210,0204N32227,744,2024-08-12,0,2024-02-28,2024-02-21
100630,9500002363,210,0204N32227,840,2024-08-19,0,2024-07-11,2024-06-26
100630,9500002363,210,0204N32227,854,2024-08-26,0,2024-07-31,2024-06-26
100630,9500002363,210,0204N32227,628,2024-09-01,23040,,
100630,9500002363,210,0204N32227,879,2024-09-02,5760,2024-09-04,2024-06-26
100630,9500002363,210,0204N32227,848,2024-09-09,0,2024-07-23,2024-06-26
100630,9500002363,210,0204N32227,889,2024-09-16,5760,2024-09-18,2024-09-04
100630,9500002363,210,0204N32227,877,2024-09-23,0,2024-09-02,2024-06-26
100630,9500002363,210,0204N32227,875,2024-09-30,0,2024-08-29,2024-06-26
100630,9500002363,210,0204N32227,649,2024-10-01,17280,,
100630,9500002363,210,0204N32227,904,2024-10-07,3888,2024-10-09,2024-09-18
100630,9500002363,210,0204N32227,887,2024-10-14,0,2024-09-16,2024-09-04
100630,9500002363,210,0204N32227,891,2024-10-21,0,2024-09-20,2024-09-18
100630,9500002363,210,0204N32227,894,2024-10-28,0,2024-09-25,2024-09-18
100630,9500002363,210,0204N32227,671,2024-11-01,17280,,
100630,9500002363,210,0204N32227,905,2024-11-04,0,2024-10-10,2024-10-09
100630,9500002363,210,0204N32227,929,2024-11-08,5760,2024-11-13,2024-10-09
100630,9500002363,210,0204N32227,894,2024-11-18,0,2024-09-25,2024-09-18
100630,9500002363,210,0204N32227,905,2024-11-25,0,2024-10-10,2024-10-09
100630,9500002363,210,0204N32227,692,2024-12-01,17280,2023-12-18,2023-12-13
100630,9500002363,210,0204N32227,922,2024-12-02,0,2024-11-04,2024-10-09
100630,9500002363,210,0204N32227,949,2024-12-09,5760,2024-12-11,2024-11-13
100630,9500002363,210,0204N32227,954,2024-12-16,5760,2024-12-18,2024-12-11
100630,9500002363,30,0204204527,3231,2024-01-01,32000,,
100630,9500002363,30,0204204527,3426,2024-01-08,0,,
100630,9500002363,30,0204204527,3420,2024-01-15,0,,
100630,9500002363,30,0204204527,3408,2024-01-22,0,,
100630,9500002363,30,0204204527,3410,2024-01-29,0,,
100630,9500002363,30,0204204527,3231,2024-02-01,32000,,
100630,9500002363,30,0204204527,3407,2024-02-05,0,,
100630,9500002363,30,0204204527,3467,2024-02-12,0,2024-01-12,2023-10-25
100630,9500002363,30,0204204527,3429,2024-02-19,0,,
100630,9500002363,30,0204204527,3422,2024-02-26,0,,
100630,9500002363,30,0204204527,3253,2024-03-01,32000,,
100630,9500002363,30,0204204527,3505,2024-03-04,32000,2024-03-06,2024-01-24
100630,9500002363,30,0204204527,3410,2024-03-11,0,,
100630,9500002363,30,0204204527,3403,2024-03-18,0,,
100630,9500002363,30,0204204527,3467,2024-03-25,0,2024-01-12,2023-10-25
100630,9500002363,30,0204204527,3247,2024-04-01,0,,
100630,9500002363,30,0204204527,3393,2024-04-08,0,,
100630,9500002363,30,0204204527,3395,2024-04-15,0,,
100630,9500002363,30,0204204527,3397,2024-04-22,0,,
100630,9500002363,30,0204204527,3289,2024-05-01,0,,
100630,9500002363,30,0204204527,3478,2024-05-13,0,2024-01-29,2024-01-24
100630,9500002363,30,0204204527,3513,2024-05-27,0,2024-03-18,2024-03-06
100630,9500002363,30,0204204527,3208,2024-06-01,0,,
100630,9500002363,30,0204204527,3517,2024-06-03,0,2024-03-22,2024-03-06
100630,9500002363,30,0204204527,3526,2024-06-10,0,2024-04-04,2024-03-06
100630,9500002363,30,0204204527,3589,2024-06-17,32000,2024-07-02,2024-03-06
100630,9500002363,30,0204204527,3394,2024-06-24,0,,
100630,9500002363,30,0204204527,3414,2024-07-01,0,,
100630,9500002363,30,0204204527,3546,2024-07-08,0,2024-05-02,2024-03-06
100630,9500002363,30,0204204527,3531,2024-07-15,0,2024-04-11,2024-03-06
100630,9500002363,30,0204204527,3604,2024-07-22,32000,2024-07-23,2024-07-02
100630,9500002363,30,0204204527,3591,2024-07-29,0,2024-07-04,2024-07-02
100630,9500002363,30,0204204527,3317,2024-08-01,0,,
100630,9500002363,30,0204204527,3481,2024-08-05,0,2024-02-01,2024-01-24
100630,9500002363,30,0204204527,3486,2024-08-12,0,2024-02-08,2024-01-24
100630,9500002363,30,0204204527,3525,2024-08-19,0,2024-04-03,2024-03-06
100630,9500002363,30,0204204527,3608,2024-08-26,0,2024-07-29,2024-07-23
100630,9500002363,30,0204204527,3370,2024-09-01,0,,
100630,9500002363,30,0204204527,3558,2024-09-02,0,2024-05-20,2024-03-06
100630,9500002363,30,0204204527,3645,2024-09-09,32000,2024-09-18,2024-07-23
100630,9500002363,30,0204204527,3626,2024-09-16,0,2024-08-22,2024-07-23
100630,9500002363,30,0204204527,3613,2024-09-23,0,2024-08-05,2024-07-23
100630,9500002363,30,0204204527,3615,2024-09-30,0,2024-08-07,2024-07-23
100630,9500002363,30,0204204527,3367,2024-10-01,0,,
100630,9500002363,30,0204204527,3614,2024-10-07,0,2024-08-06,2024-07-23
100630,9500002363,30,0204204527,3580,2024-10-14,0,2024-06-19,2024-03-06
100630,9500002363,30,0204204527,3537,2024-10-21,0,2024-04-19,2024-03-06
100630,9500002363,30,0204204527,3486,2024-10-28,0,2024-02-08,2024-01-24
100630,9500002363,30,0204204527,3348,2024-11-01,0,,
100630,9500002363,30,0204204527,3636,2024-11-04,0,2024-09-05,2024-07-23
100630,9500002363,30,0204204527,3690,2024-11-18,32000,2024-11-20,2024-09-18
100630,9500002363,30,0204204527,3641,2024-11-25,0,2024-09-12,2024-07-23
100630,9500002363,30,0204204527,3399,2024-12-01,0,,
100630,9500002363,30,0204204527,3591,2024-12-02,0,2024-07-04,2024-07-02
100630,9500002363,30,0204204527,3616,2024-12-09,0,2024-08-08,2024-07-23
100630,9500002363,30,0204204527,3621,2024-12-16,0,2024-08-15,2024-07-23
100630,9500002363,40,F02A607113,198,2024-01-08,0,,
100630,9500002363,40,F02A607113,245,2024-02-01,0,,
100630,9500002363,40,F02A607113,351,2024-02-05,0,,
100630,9500002363,40,F02A607113,353,2024-02-19,0,,
100630,9500002363,40,F02A607113,380,2024-07-01,0,2024-03-19,2012-09-10
100630,9500002363,40,F02A607113,375,2024-07-08,0,2024-03-12,2012-09-10
100630,9500002363,40,F02A607113,364,2024-07-15,0,2024-02-26,2012-09-10
100630,9500002363,40,F02A607113,386,2024-07-29,0,2024-04-22,2012-09-10
100630,9500002363,70,0204749204,2783,2024-01-01,0,,
100630,9500002363,70,0204749204,2911,2024-01-08,0,,
100630,9500002363,70,0204749204,2931,2024-01-15,0,,
100630,9500002363,70,0204749204,2714,2024-01-22,0,,
100630,9500002363,70,0204749204,3011,2024-01-29,0,2024-01-12,2023-11-22
100630,9500002363,70,0204749204,2783,2024-02-01,9600,,
100630,9500002363,70,0204749204,2975,2024-02-05,0,,
100630,9500002363,70,0204749204,2735,2024-02-12,0,,
100630,9500002363,70,0204749204,2827,2024-02-19,0,,
100630,9500002363,70,0204749204,2805,2024-03-01,9600,,
100630,9500002363,70,0204749204,2808,2024-03-04,0,,
100630,9500002363,70,0204749204,3058,2024-03-11,4560,2024-03-19,2024-03-13
100630,9500002363,70,0204749204,3026,2024-03-18,0,2024-02-02,2023-11-22
100630,9500002363,70,0204749204,2891,2024-03-25,0,,
100630,9500002363,70,0204749204,2825,2024-04-01,0,,
100630,9500002363,70,0204749204,2917,2024-04-08,0,,
100630,9500002363,70,0204749204,3016,2024-04-15,0,2024-01-19,2023-11-22
100630,9500002363,70,0204749204,2974,2024-04-22,0,,
100630,9500002363,70,0204749204,2745,2024-05-01,0,,
100630,9500002363,70,0204749204,2971,2024-05-13,0,,
100630,9500002363,70,0204749204,2783,2024-06-01,0,,
100630,9500002363,70,0204749204,2931,2024-06-17,0,,
100630,9500002363,70,0204749204,2827,2024-07-01,0,,
100630,9500002363,70,0204749204,3011,2024-07-08,0,2024-01-12,2023-11-22
100630,9500002363,70,0204749204,2892,2024-08-01,0,,
100630,9500002363,70,0204749204,2930,2024-09-01,0,,
100630,9500002363,70,0204749204,3061,2024-09-02,0,2024-03-22,2024-03-21
100630,9500002363,70,0204749204,3057,2024-09-16,0,2024-03-18,2024-03-13
100630,9500002363,70,0204749204,3022,2024-09-23,0,2024-01-29,2023-11-22
100630,9500002363,70,0204749204,2974,2024-09-30,0,,
100630,9500002363,70,0204749204,2950,2024-10-01,9600,,
100630,9500002363,70,0204749204,3059,2024-10-07,0,2024-03-20,2024-03-19
100630,9500002363,70,0204749204,3058,2024-10-14,0,2024-03-19,2024-03-13
100630,9500002363,70,0204749204,2931,2024-11-01,0,,
100630,9500002363,70,0204749204,3062,2024-11-04,0,2024-03-25,2024-03-21
100630,9500002363,70,0204749204,3074,2024-11-18,0,2024-04-10,2024-03-21
100630,9500002363,70,0204749204,3072,2024-12-02,0,2024-04-08,2024-03-21
100630,9500002363,70,0204749204,3207,2024-12-16,0,2024-10-14,2024-03-21
100630,9500002363,80,0204749205,2815,2024-01-01,0,,
100630,9500002363,80,0204749205,2965,2024-01-08,0,,
100630,9500002363,80,0204749205,2774,2024-01-15,9600,,
100630,9500002363,80,0204749205,2740,2024-01-22,0,,
100630,9500002363,80,0204749205,2748,2024-01-29,0,,
100630,9500002363,80,0204749205,2817,2024-02-01,9600,,
100630,9500002363,80,0204749205,2836,2024-02-05,0,,
100630,9500002363,80,0204749205,2761,2024-02-12,0,,
100630,9500002363,80,0204749205,2891,2024-02-19,0,,
100630,9500002363,80,0204749205,2772,2024-02-26,0,,
100630,9500002363,80,0204749205,2839,2024-03-01,9600,,
100630,9500002363,80,0204749205,3045,2024-03-04,0,2024-01-12,2023-11-22
100630,9500002363,80,0204749205,2921,2024-03-18,0,,
100630,9500002363,80,0204749205,2926,2024-03-25,0,,
100630,9500002363,80,0204749205,2859,2024-04-01,0,,
100630,9500002363,80,0204749205,2951,2024-04-08,0,,
100630,9500002363,80,0204749205,3051,2024-04-15,0,2024-01-22,2023-11-22
100630,9500002363,80,0204749205,3119,2024-04-22,6960,2024-04-25,2024-04-24
100630,9500002363,80,0204749205,2776,2024-05-01,0,,
100630,9500002363,80,0204749205,3101,2024-05-13,0,2024-04-01,2023-11-22
100630,9500002363,80,0204749205,3050,2024-05-27,0,2024-01-19,2023-11-22
100630,9500002363,80,0204749205,2815,2024-06-01,0,,
100630,9500002363,80,0204749205,2965,2024-06-03,0,,
100630,9500002363,80,0204749205,2891,2024-07-01,0,,
100630,9500002363,80,0204749205,2926,2024-08-01,0,,
100630,9500002363,80,0204749205,3045,2024-08-05,0,2024-01-12,2023-11-22
100630,9500002363,80,0204749205,2964,2024-09-01,0,,
100630,9500002363,80,0204749205,2984,2024-09-02,9600,,
100630,9500002363,80,0204749205,3009,2024-09-16,0,,
100630,9500002363,80,0204749205,2987,2024-09-23,0,,
100630,9500002363,80,0204749205,3005,2024-09-30,0,,
100630,9500002363,80,0204749205,2945,2024-10-01,0,,
100630,9500002363,80,0204749205,3086,2024-10-07,0,2024-03-11,2023-11-22
100630,9500002363,80,0204749205,3091,2024-10-14,0,2024-03-18,2023-11-22
100630,9500002363,80,0204749205,3260,2024-10-21,0,2024-11-08,2024-04-25
100630,9500002363,80,0204749205,2965,2024-11-01,0,,
100630,9500002363,80,0204749205,3108,2024-11-04,0,2024-04-10,2023-11-22
100630,9500002363,80,0204749205,3092,2024-11-18,0,2024-03-19,2023-11-22
100630,9500002363,80,0204749205,3026,2024-12-01,9600,2023-12-18,2023-11-22
100630,9500002363,80,0204749205,3093,2024-12-02,0,2024-03-20,2023-11-22
100630,9500002363,80,0204749205,3277,2024-12-06,0,2024-12-03,2024-04-25
100630,9500002363,80,0204749205,3236,2024-12-16,0,2024-10-07,2024-04-25
114032,5500006069,2010,0204773883,1209,2023-12-07,12960,2023-12-06,2023-11-28
114032,5500006069,2010,0204773883,1233,2023-12-14,77760,2024-01-09,2023-12-18
114032,5500006069,2010,0204773883,1238,2024-01-04,38880,2024-01-16,2024-01-09
114032,5500006069,2010,0204773883,1209,2024-01-08,51840,2023-12-06,2023-11-28
114032,5500006069,2010,0204773883,1249,2024-01-11,12960,2024-01-31,2024-01-16
114032,5500006069,2010,0204773883,1214,2024-01-15,38880,2023-12-13,2023-12-06
114032,5500006069,2010,0204773883,1249,2024-01-18,25920,2024-01-31,2024-01-16
114032,5500006069,2010,0204773883,1219,2024-01-22,51840,2023-12-20,2023-12-18
114032,5500006069,2010,0204773883,1253,2024-01-25,38880,2024-02-06,2024-01-31
114032,5500006069,2010,0204773883,1225,2024-01-29,38880,2023-12-28,2023-12-18
114032,5500006069,2010,0204773883,1258,2024-02-01,25920,2024-02-13,2024-02-06
114032,5500006069,2010,0204773883,1231,2024-02-05,51840,2024-01-05,2023-12-18
114032,5500006069,2010,0204773883,1262,2024-02-08,38880,2024-02-19,2024-02-13
114032,5500006069,2010,0204773883,1236,2024-02-12,38880,2024-01-12,2024-01-09
114032,5500006069,2010,0204773883,1262,2024-02-15,38880,2024-02-19,2024-02-13
114032,5500006069,2010,0204773883,1241,2024-02-19,38880,2024-01-19,2024-01-16
114032,5500006069,2010,0204773883,1269,2024-02-22,38880,2024-03-05,2024-02-20
114032,5500006069,2010,0204773883,1246,2024-02-26,38880,2024-01-26,2024-01-16
114032,5500006069,2010,0204773883,1275,2024-02-29,6480,2024-03-13,2024-03-06
114032,5500006069,2010,0204773883,1251,2024-03-04,38880,2024-02-02,2024-01-31
114032,5500006069,2010,0204773883,1281,2024-03-07,6480,2024-03-21,2024-03-19
114032,5500006069,2010,0204773883,1256,2024-03-11,51840,2024-02-09,2024-02-06
114032,5500006069,2010,0204773883,1284,2024-03-14,19440,2024-03-26,2024-03-22
114032,5500006069,2010,0204773883,1261,2024-03-18,38880,2024-02-16,2024-02-13
114032,5500006069,2010,0204773883,1284,2024-03-21,38880,2024-03-26,2024-03-22
114032,5500006069,2010,0204773883,1262,2024-03-25,51840,2024-02-19,2024-02-13
114032,5500006069,2010,0204773883,1291,2024-03-27,51840,2024-04-04,2024-03-26
114032,5500006069,2010,0204773883,1267,2024-04-01,38880,2024-03-01,2024-02-20
114032,5500006069,2010,0204773883,1302,2024-04-04,32400,2024-04-19,2024-04-04
114032,5500006069,2010,0204773883,1271,2024-04-08,38880,2024-03-07,2024-03-06
114032,5500006069,2010,0204773883,1309,2024-04-11,12960,2024-04-30,2024-04-19
114032,5500006069,2010,0204773883,1276,2024-04-15,38880,2024-03-14,2024-03-13
114032,5500006069,2010,0204773883,1309,2024-04-18,38880,2024-04-30,2024-04-19
114032,5500006069,2010,0204773883,1281,2024-04-22,38880,2024-03-21,2024-03-19
114032,5500006069,2010,0204773883,1313,2024-04-25,12960,2024-05-06,2024-04-30
114032,5500006069,2010,0204773883,1286,2024-04-29,38880,2024-03-28,2024-03-26
114032,5500006069,2010,0204773883,1318,2024-05-02,25920,2024-05-13,2024-05-06
114032,5500006069,2010,0204773883,1291,2024-05-06,38880,2024-04-04,2024-03-26
114032,5500006069,2010,0204773883,1318,2024-05-07,38880,2024-05-13,2024-05-06
114032,5500006069,2010,0204773883,1294,2024-05-13,38880,2024-04-09,2024-04-04
114032,5500006069,2010,0204773883,1325,2024-05-15,38880,2024-05-22,2024-05-13
114032,5500006069,2010,0204773883,1299,2024-05-20,38880,2024-04-16,2024-04-04
114032,5500006069,2010,0204773883,1329,2024-05-23,38880,2024-05-28,2024-05-22
114032,5500006069,2010,0204773883,1303,2024-05-27,51840,2024-04-22,2024-04-19
114032,5500006069,2010,0204773883,1329,2024-05-30,38880,2024-05-28,2024-05-22
114032,5500006069,2010,0204773883,1308,2024-06-03,38880,2024-04-29,2024-04-19
114032,5500006069,2010,0204773883,1342,2024-06-06,38880,2024-06-14,2024-05-28
114032,5500006069,2010,0204773883,1314,2024-06-10,38880,2024-05-07,2024-05-06
114032,5500006069,2010,0204773883,1342,2024-06-13,25920,2024-06-14,2024-05-28
114032,5500006069,2010,0204773883,1321,2024-06-17,51840,2024-05-16,2024-05-13
114032,5500006069,2010,0204773883,1353,2024-06-20,38880,2024-07-01,2024-06-14
114032,5500006069,2010,0204773883,1327,2024-06-24,51840,2024-05-24,2024-05-22
114032,5500006069,2010,0204773883,1354,2024-06-27,38880,2024-07-02,2024-07-01
114032,5500006069,2010,0204773883,1332,2024-07-01,38880,2024-05-31,2024-05-28
114032,5500006069,2010,0204773883,1374,2024-07-04,19440,2024-07-30,2024-07-09
114032,5500006069,2010,0204773883,1337,2024-07-08,25920,2024-06-07,2024-05-28
114032,5500006069,2010,0204773883,1374,2024-07-11,25920,2024-07-30,2024-07-09
114032,5500006069,2010,0204773883,1342,2024-07-15,12960,2024-06-14,2024-05-28
114032,5500006069,2010,0204773883,1355,2024-07-18,0,2024-07-03,2024-07-02
114032,5500006069,2010,0204773883,1347,2024-07-22,77760,2024-06-21,2024-06-14
114032,5500006069,2010,0204773883,1391,2024-07-25,51840,2024-08-22,2024-07-30
114032,5500006069,2010,0204773883,1268,2024-07-29,0,2024-03-04,2024-02-20
114032,5500006069,2010,0204773883,1268,2024-08-05,0,2024-03-04,2024-02-20
114032,5500006069,2010,0204773883,1362,2024-08-12,38880,2024-07-12,2024-07-09
114032,5500006069,2010,0204773883,1393,2024-08-14,38880,2024-08-26,2024-08-22
114032,5500006069,2010,0204773883,1366,2024-08-19,38880,2024-07-18,2024-07-09
114032,5500006069,2010,0204773883,1394,2024-08-22,25920,2024-08-27,2024-08-26
114032,5500006069,2010,0204773883,1371,2024-08-26,38880,2024-07-25,2024-07-09
114032,5500006069,2010,0204773883,1400,2024-08-29,38880,2024-09-04,2024-08-27
114032,5500006069,2010,0204773883,1376,2024-09-02,38880,2024-08-01,2024-07-30
114032,5500006069,2010,0204773883,1407,2024-09-05,38880,2024-09-13,2024-09-04
114032,5500006069,2010,0204773883,1381,2024-09-09,38880,2024-08-08,2024-07-30
114032,5500006069,2010,0204773883,1412,2024-09-12,51840,2024-09-20,2024-09-13
114032,5500006069,2010,0204773883,1387,2024-09-16,38880,2024-08-16,2024-07-30
114032,5500006069,2010,0204773883,1414,2024-09-19,51840,2024-09-24,2024-09-20
114032,5500006069,2010,0204773883,1392,2024-09-23,25920,2024-08-23,2024-08-22
114032,5500006069,2010,0204773883,1418,2024-09-26,38880,2024-09-30,2024-09-24
114032,5500006069,2010,0204773883,1397,2024-09-30,38880,2024-08-30,2024-08-27
114032,5500006069,2010,0204773883,1422,2024-10-03,38880,2024-10-04,2024-09-30
114032,5500006069,2010,0204773883,1402,2024-10-07,38880,2024-09-06,2024-09-04
114032,5500006069,2010,0204773883,1428,2024-10-10,25920,2024-10-14,2024-10-04
114032,5500006069,2010,0204773883,1407,2024-10-14,38880,2024-09-13,2024-09-04
114032,5500006069,2010,0204773883,1440,2024-10-17,25920,2024-10-30,2024-10-14
114032,5500006069,2010,0204773883,1412,2024-10-21,38880,2024-09-20,2024-09-13
114032,5500006069,2010,0204773883,1440,2024-10-24,38880,2024-10-30,2024-10-14
114032,5500006069,2010,0204773883,1417,2024-10-28,25920,2024-09-27,2024-09-24
114032,5500006069,2010,0204773883,1449,2024-10-30,25920,2024-11-12,2024-10-30
114032,5500006069,2010,0204773883,1421,2024-11-04,38880,2024-10-03,2024-09-30
114032,5500006069,2010,0204773883,1454,2024-11-06,32400,2024-11-19,2024-11-13
114032,5500006069,2010,0204773883,1426,2024-11-11,38880,2024-10-10,2024-10-04
114032,5500006069,2010,0204773883,1454,2024-11-14,51840,2024-11-19,2024-11-13
114032,5500006069,2010,0204773883,1430,2024-11-18,38880,2024-10-16,2024-10-14
114032,5500006069,2010,0204773883,1459,2024-11-21,38880,2024-11-26,2024-11-19
114032,5500006069,2010,0204773883,1435,2024-11-25,38880,2024-10-23,2024-10-14
114032,5500006069,2010,0204773883,1464,2024-11-28,38880,2024-12-03,2024-11-26
114032,5500006069,2010,0204773883,1217,2024-12-01,207360,2023-12-18,2023-12-06
114032,5500006069,2010,0204773883,1439,2024-12-02,0,2024-10-29,2024-10-14
114032,5500006069,2010,0204773883,1455,2024-12-05,0,2024-11-20,2024-11-19
114032,5500006069,2010,0204773883,1446,2024-12-09,64800,2024-11-07,2024-10-30
114032,5500006069,2010,0204773883,1474,2024-12-12,51840,2024-12-17,2024-12-03
114032,5500006069,2010,0204773883,1413,2024-12-16,0,2024-09-23,2024-09-20
114032,5500006069,2010,0204773883,1413,2024-12-23,0,2024-09-23,2024-09-20
114032,5500006069,2010,0204773883,1461,2024-12-30,25920,2024-11-28,2024-11-26
SUP042072,5500040367,10,0204L72539,836,2024-01-09,2100,2024-01-09,2023-12-19
SUP042072,5500040367,10,0204L72539,841,2024-01-16,6300,2024-01-16,2024-01-09
SUP042072,5500040367,10,0204L72539,846,2024-01-23,21000,2024-01-23,2024-01-16
SUP042072,5500040367,10,0204L72539,851,2024-01-30,14700,2024-01-30,2024-01-23
SUP042072,5500040367,10,0204L72539,834,2024-02-05,21000,2024-01-05,2023-12-19
SUP042072,5500040367,10,0204L72539,856,2024-02-06,18900,2024-02-06,2024-01-30
SUP042072,5500040367,10,0204L72539,839,2024-02-12,21000,2024-01-12,2024-01-09
SUP042072,5500040367,10,0204L72539,861,2024-02-13,23100,2024-02-13,2024-02-06
SUP042072,5500040367,10,0204L72539,844,2024-02-19,21000,2024-01-19,2024-01-16
SUP042072,5500040367,10,0204L72539,865,2024-02-20,14700,2024-02-19,2024-02-13
SUP042072,5500040367,10,0204L72539,849,2024-02-26,25200,2024-01-26,2024-01-23
SUP042072,5500040367,10,0204L72539,868,2024-02-27,31500,2024-02-27,2024-02-20
SUP042072,5500040367,10,0204L72539,854,2024-03-04,21000,2024-02-02,2024-01-30
SUP042072,5500040367,10,0204L72539,872,2024-03-05,21000,2024-03-04,2024-02-27
SUP042072,5500040367,10,0204L72539,859,2024-03-11,21000,2024-02-09,2024-02-06
SUP042072,5500040367,10,0204L72539,878,2024-03-12,8400,2024-03-12,2024-03-04
SUP042072,5500040367,10,0204L72539,864,2024-03-18,21000,2024-02-16,2024-02-13
SUP042072,5500040367,10,0204L72539,883,2024-03-19,10500,2024-03-19,2024-03-12
SUP042072,5500040367,10,0204L72539,866,2024-03-25,16800,2024-02-22,2024-02-20
SUP042072,5500040367,10,0204L72539,888,2024-03-26,16800,2024-03-26,2024-03-19
SUP042072,5500040367,10,0204L72539,871,2024-04-01,21000,2024-03-01,2024-02-27
SUP042072,5500040367,10,0204L72539,894,2024-04-02,18900,2024-04-03,2024-03-26
SUP042072,5500040367,10,0204L72539,875,2024-04-08,16800,2024-03-07,2024-03-04
SUP042072,5500040367,10,0204L72539,898,2024-04-09,25200,2024-04-09,2024-04-03
SUP042072,5500040367,10,0204L72539,880,2024-04-15,16800,2024-03-14,2024-03-12
SUP042072,5500040367,10,0204L72539,891,2024-04-16,0,2024-03-29,2024-03-26
SUP042072,5500040367,10,0204L72539,903,2024-04-18,10500,2024-04-16,2024-04-09
SUP042072,5500040367,10,0204L72539,885,2024-04-22,21000,2024-03-21,2024-03-19
SUP042072,5500040367,10,0204L72539,908,2024-04-23,21000,2024-04-23,2024-04-16
SUP042072,5500040367,10,0204L72539,891,2024-04-29,0,2024-03-29,2024-03-26
SUP042072,5500040367,10,0204L72539,913,2024-04-30,8400,2024-04-30,2024-04-23
SUP042072,5500040367,10,0204L72539,895,2024-05-06,8400,2024-04-04,2024-04-03
SUP042072,5500040367,10,0204L72539,905,2024-05-07,0,2024-04-18,2024-04-16
SUP042072,5500040367,10,0204L72539,898,2024-05-13,12600,2024-04-09,2024-04-03
SUP042072,5500040367,10,0204L72539,924,2024-05-14,31500,2024-05-15,2024-04-30
SUP042072,5500040367,10,0204L72539,903,2024-05-20,14700,2024-04-16,2024-04-09
SUP042072,5500040367,10,0204L72539,928,2024-05-21,14700,2024-05-21,2024-05-15
SUP042072,5500040367,10,0204L72539,907,2024-05-27,14700,2024-04-22,2024-04-16
SUP042072,5500040367,10,0204L72539,933,2024-05-28,4200,2024-05-28,2024-05-21
SUP042072,5500040367,10,0204L72539,912,2024-06-03,14700,2024-04-29,2024-04-23
SUP042072,5500040367,10,0204L72539,926,2024-06-04,0,2024-05-17,2024-05-15
SUP042072,5500040367,10,0204L72539,918,2024-06-10,16800,2024-05-07,2024-04-30
SUP042072,5500040367,10,0204L72539,945,2024-06-11,35700,2024-06-13,2024-05-28
SUP042072,5500040367,10,0204L72539,926,2024-06-17,0,2024-05-17,2024-05-15
SUP042072,5500040367,10,0204L72539,948,2024-06-18,21000,2024-06-18,2024-06-13
SUP042072,5500040367,10,0204L72539,931,2024-06-24,14700,2024-05-24,2024-05-21
SUP042072,5500040367,10,0204L72539,953,2024-06-25,12600,2024-06-25,2024-06-18
SUP042072,5500040367,10,0204L72539,936,2024-07-01,16800,2024-05-31,2024-05-28
SUP042072,5500040367,10,0204L72539,958,2024-07-02,16800,2024-07-02,2024-06-25
SUP042072,5500040367,10,0204L72539,941,2024-07-08,14700,2024-06-07,2024-05-28
SUP042072,5500040367,10,0204L72539,963,2024-07-09,18900,2024-07-09,2024-07-02
SUP042072,5500040367,10,0204L72539,946,2024-07-15,2100,2024-06-14,2024-06-13
SUP042072,5500040367,10,0204L72539,968,2024-07-16,2100,2024-07-16,2024-07-09
SUP042072,5500040367,10,0204L72539,951,2024-07-22,10500,2024-06-21,2024-06-18
SUP042072,5500040367,10,0204L72539,973,2024-07-23,10500,2024-07-23,2024-07-16
SUP042072,5500040367,10,0204L72539,956,2024-07-29,21000,2024-06-28,2024-06-25
SUP042072,5500040367,10,0204L72539,992,2024-07-30,8400,2024-08-19,2024-07-30
SUP042072,5500040367,10,0204L72539,872,2024-08-05,0,2024-03-04,2024-02-27
SUP042072,5500040367,10,0204L72539,872,2024-08-12,0,2024-03-04,2024-02-27
SUP042072,5500040367,10,0204L72539,970,2024-08-19,16800,2024-07-18,2024-07-16
SUP042072,5500040367,10,0204L72539,992,2024-08-20,18900,2024-08-19,2024-07-30
SUP042072,5500040367,10,0204L72539,975,2024-08-26,14700,2024-07-25,2024-07-23
SUP042072,5500040367,10,0204L72539,998,2024-08-27,14700,2024-08-27,2024-08-19
SUP042072,5500040367,10,0204L72539,980,2024-09-02,16800,2024-08-01,2024-07-30
SUP042072,5500040367,10,0204L72539,1003,2024-09-03,16800,2024-09-03,2024-08-27
SUP042072,5500040367,10,0204L72539,985,2024-09-09,14700,2024-08-08,2024-07-30
SUP042072,5500040367,10,0204L72539,1008,2024-09-10,14700,2024-09-10,2024-09-03
SUP042072,5500040367,10,0204L72539,991,2024-09-16,0,2024-08-16,2024-07-30
SUP042072,5500040367,10,0204L72539,1013,2024-09-17,18900,2024-09-17,2024-09-10
SUP042072,5500040367,10,0204L72539,996,2024-09-23,12600,2024-08-23,2024-08-19
SUP042072,5500040367,10,0204L72539,1018,2024-09-24,10500,2024-09-24,2024-09-17
SUP042072,5500040367,10,0204L72539,1001,2024-09-30,0,2024-08-30,2024-08-27
SUP042072,5500040367,10,0204L72539,1022,2024-10-01,12600,2024-09-30,2024-09-24
SUP042072,5500040367,10,0204L72539,1006,2024-10-07,12600,2024-09-06,2024-09-03
SUP042072,5500040367,10,0204L72539,1028,2024-10-08,21000,2024-10-08,2024-09-30
SUP042072,5500040367,10,0204L72539,1011,2024-10-14,0,2024-09-13,2024-09-10
SUP042072,5500040367,10,0204L72539,1032,2024-10-15,12600,2024-10-14,2024-10-08
SUP042072,5500040367,10,0204L72539,1016,2024-10-21,14700,2024-09-20,2024-09-17
SUP042072,5500040367,10,0204L72539,1038,2024-10-22,18900,2024-10-22,2024-10-14
SUP042072,5500040367,10,0204L72539,1021,2024-10-28,12600,2024-09-27,2024-09-24
SUP042072,5500040367,10,0204L72539,1043,2024-10-29,8400,2024-10-29,2024-10-22
SUP042072,5500040367,10,0204L72539,1025,2024-11-04,12600,2024-10-03,2024-09-30
SUP042072,5500040367,10,0204L72539,1048,2024-11-05,12600,2024-11-05,2024-10-29
SUP042072,5500040367,10,0204L72539,1031,2024-11-11,0,2024-10-11,2024-10-08
SUP042072,5500040367,10,0204L72539,1053,2024-11-12,14700,2024-11-12,2024-11-05
SUP042072,5500040367,10,0204L72539,1034,2024-11-18,12600,2024-10-16,2024-10-14
SUP042072,5500040367,10,0204L72539,1058,2024-11-19,10500,2024-11-19,2024-11-12
SUP042072,5500040367,10,0204L72539,1039,2024-11-25,14700,2024-10-23,2024-10-22
SUP042072,5500040367,10,0204L72539,1063,2024-11-26,18900,2024-11-26,2024-11-19
SUP042072,5500040367,10,0204L72539,1044,2024-12-02,12600,2024-10-30,2024-10-29
SUP042072,5500040367,10,0204L72539,1068,2024-12-03,20100,2024-12-03,2024-11-26
SUP042072,5500040367,10,0204L72539,1050,2024-12-09,10500,2024-11-07,2024-11-05
SUP042072,5500040367,10,0204L72539,1073,2024-12-10,11700,2024-12-10,2024-12-03
SUP042072,5500040367,10,0204L72539,1056,2024-12-16,21000,2024-11-15,2024-11-12
SUP042072,5500040367,10,0204L72539,1078,2024-12-17,20100,2024-12-17,2024-12-10
SUP042072,5500040367,10,0204L72539,1017,2024-12-23,0,2024-09-23,2024-09-17
SUP042072,5500040367,10,0204L72539,1017,2024-12-30,0,2024-09-23,2024-09-17
