Fournisseur;Document d'achat;Poste;Article;Nº d'appel;Date livraison;QTE;Date de transmission appel;Dernière date EM;Statut livraison;Quantité corrigée;Différence jours
100590;5500041768;190;0204207170;489;2023-12-08;1500;2023-12-12;2023-11-29;Livraison en retard de 4 jours;3000.0;4.0
100590;5500041768;190;0204207170;489;2023-12-12;2500;2023-12-12;2023-11-29;Livraison à la date prévue;2000.0;0.0
100590;5500041768;190;0204207170;490;2023-12-19;7000;2023-12-13;2023-12-12;Livraison en avance de 6 jours;500.0;-6.0
100590;5500041768;190;0204207170;518;2024-01-12;26500;2024-01-22;2023-12-13;Livraison en retard de 10 jours;500.0;10.0
100590;5500041768;190;0204207170;557;2024-03-22;27000;2024-03-20;2024-01-22;Livraison en avance de 2 jours;0.0;-2.0
100590;5500041768;190;0204207170;615;2024-06-14;27000;2024-06-10;2024-03-20;Livraison en avance de 4 jours;0.0;-4.0
100590;5500041768;190;0204207170;680;2024-09-13;27000;2024-09-09;2024-06-10;Livraison en avance de 4 jours;0.0;-4.0
100590;5500041768;190;0204207170;740;2024-12-06;27000;2024-12-02;2024-09-09;Livraison en avance de 4 jours;0.0;-4.0
100590;5500041768;310;0204L82866;490;2023-12-01;7460;2023-12-13;2023-12-11;Livraison en retard de 12 jours;12540.0;12.0
100590;5500041768;310;0204L82866;490;2023-12-05;10000;2023-12-13;2023-12-11;Livraison en retard de 8 jours;10000.0;8.0
100590;5500041768;310;0204L82866;495;2023-12-08;7460;2023-12-20;2023-12-13;Livraison en retard de 12 jours;27540.0;12.0
100590;5500041768;310;0204L82866;495;2023-12-12;10000;2023-12-20;2023-12-13;Livraison en retard de 8 jours;25000.0;8.0
100590;5500041768;310;0204L82866;495;2023-12-15;2500;2023-12-20;2023-12-13;Livraison en retard de 5 jours;32500.0;5.0
100590;5500041768;310;0204L82866;495;2023-12-19;15000;2023-12-20;2023-12-13;Livraison en retard de 1 jours;20000.0;1.0
100590;5500041768;310;0204L82866;499;2024-01-02;9960;2023-12-26;2023-12-20;Livraison en avance de 7 jours;40.0;-7.0
100590;5500041768;310;0204L82866;508;2024-01-05;4960;2024-01-08;2023-12-26;Livraison en retard de 3 jours;40.0;3.0
100590;5500041768;310;0204L82866;510;2024-01-09;9960;2024-01-10;2024-01-08;Livraison en retard de 1 jours;40.0;1.0
100590;5500041768;310;0204L82866;513;2024-01-12;7460;2024-01-15;2024-01-10;Livraison en retard de 3 jours;40.0;3.0
100590;5500041768;310;0204L82866;513;2024-01-16;10000;2024-01-15;2024-01-10;Livraison en avance de 1 jours;7500.0;-1.0
100590;5500041768;310;0204L82866;518;2024-01-19;7460;2024-01-22;2024-01-15;Livraison en retard de 3 jours;40.0;3.0
100590;5500041768;310;0204L82866;518;2024-01-23;10000;2024-01-22;2024-01-15;Livraison en avance de 1 jours;22500.0;-1.0
100590;5500041768;310;0204L82866;518;2024-01-26;5000;2024-01-22;2024-01-15;Livraison en avance de 4 jours;2500.0;-4.0
100590;5500041768;310;0204L82866;518;2024-01-30;10000;2024-01-22;2024-01-15;Livraison en avance de 8 jours;22500.0;-8.0
100590;5500041768;310;0204L82866;525;2024-02-02;4960;2024-01-31;2024-01-22;Livraison en avance de 2 jours;40.0;-2.0
100590;5500041768;310;0204L82866;530;2024-02-06;9960;2024-02-07;2024-01-31;Livraison en retard de 1 jours;40.0;1.0
100590;5500041768;310;0204L82866;533;2024-02-09;2460;2024-02-12;2024-02-07;Livraison en retard de 3 jours;7540.0;3.0
100590;5500041768;310;0204L82866;533;2024-02-13;7500;2024-02-12;2024-02-07;Livraison en avance de 1 jours;2500.0;-1.0
100590;5500041768;310;0204L82866;535;2024-02-16;9960;2024-02-14;2024-02-12;Livraison en avance de 2 jours;12540.0;-2.0
100590;5500041768;310;0204L82866;535;2024-02-20;5000;2024-02-14;2024-02-12;Livraison en avance de 6 jours;2500.0;-6.0
100590;5500041768;310;0204L82866;538;2024-02-23;2460;2024-02-19;2024-02-14;Livraison en avance de 2 jours;40.0;-2.0
100590;5500041768;310;0204L82866;539;2024-02-27;4960;2024-02-22;2024-02-21;Livraison en avance de 1 jours;5040.0;-1.0
100590;5500041768;310;0204L82866;539;2024-03-01;5000;2024-02-22;2024-02-21;Livraison en avance de 4 jours;5000.0;-4.0
100590;5500041768;310;0204L82866;545;2024-03-05;9960;2024-03-04;2024-02-26;Livraison en avance de 1 jours;40.0;-1.0
100590;5500041768;310;0204L82866;547;2024-03-08;4960;2024-03-06;2024-03-04;Livraison en avance de 2 jours;12540.0;-2.0
100590;5500041768;310;0204L82866;547;2024-03-12;12500;2024-03-06;2024-03-04;Livraison en avance de 6 jours;5000.0;-6.0
100590;5500041768;310;0204L82866;556;2024-03-19;9960;2024-03-19;2024-03-06;Livraison à la date prévue;15040.0;0.0
100590;5500041768;310;0204L82866;556;2024-03-22;2500;2024-03-19;2024-03-06;Livraison en avance de 3 jours;22500.0;-3.0
100590;5500041768;310;0204L82866;556;2024-03-26;12500;2024-03-19;2024-03-06;Livraison en avance de 7 jours;12500.0;-7.0
100590;5500041768;310;0204L82866;572;2024-04-02;2460;2024-04-10;2024-04-08;Livraison en retard de 8 jours;5040.0;8.0
100590;5500041768;310;0204L82866;575;2024-04-05;2460;2024-04-15;2024-04-10;Livraison en retard de 10 jours;17540.0;10.0
100590;5500041768;310;0204L82866;575;2024-04-09;10000;2024-04-15;2024-04-10;Livraison en retard de 6 jours;10000.0;6.0
100590;5500041768;310;0204L82866;575;2024-04-12;5000;2024-04-15;2024-04-10;Livraison en retard de 3 jours;15000.0;3.0
100590;5500041768;310;0204L82866;577;2024-04-16;7460;2024-04-17;2024-04-15;Livraison en retard de 1 jours;12540.0;1.0
100590;5500041768;310;0204L82866;577;2024-04-19;17500;2024-04-17;2024-04-15;Livraison en avance de 2 jours;2500.0;-2.0
100590;5500041768;310;0204L82866;577;2024-04-23;2500;2024-04-17;2024-04-15;Livraison en avance de 6 jours;17500.0;-6.0
100590;5500041768;310;0204L82866;585;2024-04-26;7460;2024-04-29;2024-04-17;Livraison en retard de 3 jours;5040.0;3.0
100590;5500041768;310;0204L82866;597;2024-05-03;7460;2024-05-15;2024-04-29;Livraison en retard de 12 jours;40.0;12.0
100590;5500041768;310;0204L82866;601;2024-05-10;4960;2024-05-21;2024-05-17;Livraison en retard de 11 jours;7540.0;11.0
100590;5500041768;310;0204L82866;602;2024-05-14;9960;2024-05-22;2024-05-21;Livraison en retard de 8 jours;2540.0;8.0
100590;5500041768;310;0204L82866;605;2024-05-21;7460;2024-05-27;2024-05-22;Livraison en retard de 6 jours;15040.0;6.0
100590;5500041768;310;0204L82866;605;2024-05-24;5000;2024-05-27;2024-05-22;Livraison en retard de 3 jours;17500.0;3.0
100590;5500041768;310;0204L82866;605;2024-05-28;10000;2024-05-27;2024-05-22;Livraison en avance de 1 jours;12500.0;-1.0
100590;5500041768;310;0204L82866;610;2024-05-31;9960;2024-06-03;2024-05-27;Livraison en retard de 3 jours;35040.0;3.0
100590;5500041768;310;0204L82866;610;2024-06-04;10000;2024-06-03;2024-05-27;Livraison en avance de 1 jours;35000.0;-1.0
100590;5500041768;310;0204L82866;610;2024-06-07;7500;2024-06-03;2024-05-27;Livraison en avance de 4 jours;37500.0;-4.0
100590;5500041768;310;0204L82866;610;2024-06-11;10000;2024-06-03;2024-05-27;Livraison en avance de 8 jours;35000.0;-8.0
100590;5500041768;310;0204L82866;620;2024-06-14;7460;2024-06-17;2024-06-03;Livraison en retard de 3 jours;2540.0;3.0
100590;5500041768;310;0204L82866;620;2024-06-18;2500;2024-06-17;2024-06-03;Livraison en avance de 1 jours;7500.0;-1.0
100590;5500041768;310;0204L82866;621;2024-06-21;4960;2024-06-18;2024-06-17;Livraison en avance de 3 jours;5040.0;-3.0
100590;5500041768;310;0204L82866;627;2024-06-25;4960;2024-06-26;2024-06-18;Livraison en retard de 1 jours;20040.0;1.0
100590;5500041768;310;0204L82866;627;2024-06-28;7500;2024-06-26;2024-06-18;Livraison en avance de 2 jours;17500.0;-2.0
100590;5500041768;310;0204L82866;627;2024-07-02;12500;2024-06-26;2024-06-18;Livraison en avance de 6 jours;12500.0;-6.0
100590;5500041768;310;0204L82866;632;2024-07-05;2460;2024-07-03;2024-06-26;Livraison en avance de 2 jours;17540.0;-2.0
100590;5500041768;310;0204L82866;632;2024-07-09;17500;2024-07-03;2024-06-26;Livraison en avance de 6 jours;2500.0;-6.0
100590;5500041768;310;0204L82866;640;2024-07-12;4960;2024-07-15;2024-07-03;Livraison en retard de 3 jours;15040.0;3.0
100590;5500041768;310;0204L82866;640;2024-07-16;15000;2024-07-15;2024-07-03;Livraison en avance de 1 jours;5000.0;-1.0
100590;5500041768;310;0204L82866;650;2024-07-19;4960;2024-07-29;2024-07-15;Livraison en retard de 10 jours;2540.0;10.0
100590;5500041768;310;0204L82866;650;2024-07-23;2500;2024-07-29;2024-07-15;Livraison en retard de 6 jours;5000.0;6.0
100590;5500041768;310;0204L82866;652;2024-07-30;4960;2024-07-31;2024-07-29;Livraison en retard de 1 jours;40.0;1.0
100590;5500041768;310;0204L82866;667;2024-08-16;7500;2024-08-21;2024-07-31;Livraison en retard de 5 jours;0.0;5.0
100590;5500041768;310;0204L82866;667;2024-08-20;7500;2024-08-21;2024-07-31;Livraison en retard de 1 jours;0.0;1.0
100590;5500041768;310;0204L82866;670;2024-08-23;2500;2024-08-26;2024-08-21;Livraison en retard de 3 jours;22500.0;3.0
100590;5500041768;310;0204L82866;670;2024-08-27;15000;2024-08-26;2024-08-21;Livraison en avance de 1 jours;10000.0;-1.0
100590;5500041768;310;0204L82866;670;2024-08-30;7500;2024-08-26;2024-08-21;Livraison en avance de 4 jours;17500.0;-4.0
100590;5500041768;310;0204L82866;675;2024-09-03;7500;2024-09-02;2024-08-26;Livraison en avance de 1 jours;0.0;-1.0
100590;5500041768;310;0204L82866;675;2024-09-06;10000;2024-09-02;2024-08-26;Livraison en avance de 4 jours;7500.0;-4.0
100590;5500041768;310;0204L82866;687;2024-09-10;2500;2024-09-18;2024-09-09;Livraison en retard de 8 jours;22500.0;8.0
100590;5500041768;310;0204L82866;687;2024-09-13;7500;2024-09-18;2024-09-09;Livraison en retard de 5 jours;17500.0;5.0
100590;5500041768;310;0204L82866;687;2024-09-17;10000;2024-09-18;2024-09-09;Livraison en retard de 1 jours;15000.0;1.0
100590;5500041768;310;0204L82866;687;2024-09-20;5000;2024-09-18;2024-09-09;Livraison en avance de 2 jours;20000.0;-2.0
100590;5500041768;310;0204L82866;690;2024-09-24;15000;2024-09-23;2024-09-18;Livraison en avance de 1 jours;7500.0;-1.0
100590;5500041768;310;0204L82866;690;2024-09-27;7500;2024-09-23;2024-09-18;Livraison en avance de 4 jours;15000.0;-4.0
100590;5500041768;310;0204L82866;692;2024-10-01;15000;2024-09-25;2024-09-23;Livraison en avance de 6 jours;2500.0;-6.0
100590;5500041768;310;0204L82866;692;2024-10-04;2500;2024-09-25;2024-09-23;Livraison en avance de 9 jours;15000.0;-9.0
100590;5500041768;310;0204L82866;697;2024-10-08;12500;2024-10-02;2024-09-25;Livraison en avance de 6 jours;0.0;-6.0
100590;5500041768;310;0204L82866;700;2024-10-11;2500;2024-10-07;2024-10-02;Livraison en avance de 4 jours;12500.0;-4.0
100590;5500041768;310;0204L82866;700;2024-10-15;12500;2024-10-07;2024-10-02;Livraison en avance de 8 jours;2500.0;-8.0
100590;5500041768;310;0204L82866;710;2024-10-18;12500;2024-10-21;2024-10-07;Livraison en retard de 3 jours;2500.0;3.0
100590;5500041768;310;0204L82866;710;2024-10-22;2500;2024-10-21;2024-10-07;Livraison en avance de 1 jours;12500.0;-1.0
100590;5500041768;310;0204L82866;710;2024-10-25;7500;2024-10-21;2024-10-07;Livraison en avance de 4 jours;7500.0;-4.0
100590;5500041768;310;0204L82866;712;2024-10-29;7500;2024-10-23;2024-10-21;Livraison en avance de 6 jours;0.0;-6.0
100590;5500041768;310;0204L82866;715;2024-10-31;7500;2024-10-28;2024-10-23;Livraison en avance de 3 jours;0.0;-3.0
100590;5500041768;310;0204L82866;717;2024-11-05;7500;2024-10-30;2024-10-28;Livraison en avance de 6 jours;0.0;-6.0
100590;5500041768;310;0204L82866;727;2024-11-12;15000;2024-11-13;2024-10-30;Livraison en retard de 1 jours;20000.0;1.0
100590;5500041768;310;0204L82866;727;2024-11-15;10000;2024-11-13;2024-10-30;Livraison en avance de 2 jours;25000.0;-2.0
100590;5500041768;310;0204L82866;727;2024-11-19;10000;2024-11-13;2024-10-30;Livraison en avance de 6 jours;25000.0;-6.0
100590;5500041768;310;0204L82866;735;2024-11-22;5000;2024-11-25;2024-11-13;Livraison en retard de 3 jours;30000.0;3.0
100590;5500041768;310;0204L82866;735;2024-11-26;10000;2024-11-25;2024-11-13;Livraison en avance de 1 jours;25000.0;-1.0
100590;5500041768;310;0204L82866;735;2024-11-29;7500;2024-11-25;2024-11-13;Livraison en avance de 4 jours;27500.0;-4.0
100590;5500041768;310;0204L82866;735;2024-12-03;12500;2024-11-25;2024-11-13;Livraison en avance de 8 jours;22500.0;-8.0
100590;5500041768;310;0204L82866;741;2024-12-06;15000;2024-12-02;2024-11-25;Livraison en avance de 4 jours;2500.0;-4.0
100590;5500041768;310;0204L82866;741;2024-12-10;2500;2024-12-02;2024-11-25;Livraison en avance de 8 jours;15000.0;-8.0
100590;5500041768;310;0204L82866;748;2024-12-17;12500;2024-12-11;2024-12-02;Livraison en avance de 6 jours;0.0;-6.0
100630;5500038281;10;0204L68222;1485;2024-01-15;2880;2024-01-15;2023-07-25;Livraison à la date prévue;0.0;0.0
100630;5500038281;10;0204L68222;1483;2024-01-22;0;2024-01-11;2023-07-25;Livraison en avance de 7 jours;2880.0;-7.0
100630;5500038281;10;0204L68222;1512;2024-02-19;2880;2024-02-21;2024-01-15;Livraison en retard de 2 jours;0.0;2.0
100630;5500038281;10;0204L68222;1552;2024-04-15;2880;2024-04-17;2024-02-21;Livraison en retard de 2 jours;0.0;2.0
100630;5500038281;10;0204L68222;1603;2024-06-10;2880;2024-06-27;2024-04-17;Livraison en retard de 17 jours;0.0;17.0
100630;5500038281;10;0204L68222;1585;2024-06-17;0;2024-06-03;2024-04-17;Livraison en retard de 10 jours;2880.0;10.0
100630;5500038281;10;0204L68222;1627;2024-07-29;2880;2024-07-31;2024-06-27;Livraison en retard de 2 jours;0.0;2.0
100630;5500038281;10;0204L68222;1682;2024-10-14;2880;2024-10-16;2024-07-31;Livraison en retard de 2 jours;0.0;2.0
100630;5500038281;10;0204L68222;1689;2024-11-08;0;2024-10-28;2024-10-16;Livraison en retard de 19 jours;2880.0;19.0
100630;5500038281;10;0204L68222;1694;2024-11-18;0;2024-11-04;2024-10-16;Livraison en retard de 9 jours;2880.0;9.0
100630;5500038281;10;0204L68222;1711;2024-11-25;2880;2024-11-27;2024-10-16;Livraison en retard de 2 jours;0.0;2.0
100630;5500038281;20;0204797558;1489;2024-01-15;2880;2024-01-17;2023-08-02;Livraison en retard de 2 jours;0.0;2.0
100630;5500038281;20;0204797558;1519;2024-02-26;2880;2024-02-28;2024-01-17;Livraison en retard de 2 jours;0.0;2.0
100630;5500038281;20;0204797558;1515;2024-03-04;0;2024-02-22;2024-01-17;Livraison en avance de 5 jours;2880.0;-5.0
100630;5500038281;20;0204797558;1560;2024-04-22;2880;2024-04-25;2024-02-28;Livraison en retard de 3 jours;0.0;3.0
100630;5500038281;20;0204797558;1594;2024-06-10;2880;2024-06-12;2024-04-25;Livraison en retard de 2 jours;0.0;2.0
100630;5500038281;20;0204797558;1587;2024-06-17;0;2024-06-03;2024-04-25;Livraison en avance de 5 jours;2880.0;-5.0
100630;5500038281;20;0204797558;1629;2024-07-29;2880;2024-07-31;2024-06-12;Livraison en retard de 2 jours;0.0;2.0
100630;5500038281;20;0204797558;1645;2024-09-02;0;2024-08-22;2024-07-31;Livraison en retard de 25 jours;2880.0;25.0
100630;5500038281;20;0204797558;1671;2024-09-23;2880;2024-09-27;2024-07-31;Livraison en retard de 4 jours;0.0;4.0
100630;5500038281;20;0204797558;1693;2024-10-28;2880;2024-10-29;2024-09-27;Livraison en retard de 1 jours;0.0;1.0
100630;5500038281;20;0204797558;1717;2024-12-16;0;2024-12-02;2024-10-29;Quantité non trouvée;0.0;
100630;9500000187;20;0204205030;1142;2024-01-08;12000;2024-01-10;2023-12-20;Livraison en retard de 2 jours;0.0;2.0
100630;9500000187;20;0204205030;1147;2024-01-15;12000;2024-01-17;2024-01-10;Livraison en retard de 2 jours;0.0;2.0
100630;9500000187;20;0204205030;1152;2024-01-22;60000;2024-01-24;2024-01-17;Livraison en retard de 2 jours;0.0;2.0
100630;9500000187;20;0204205030;1172;2024-02-19;32000;2024-02-21;2024-01-24;Livraison en retard de 2 jours;0.0;2.0
100630;9500000187;20;0204205030;1182;2024-03-04;16000;2024-03-06;2024-02-21;Livraison en retard de 2 jours;0.0;2.0
100630;9500000187;20;0204205030;1197;2024-03-18;68000;2024-03-27;2024-03-20;Livraison en retard de 9 jours;0.0;9.0
100630;9500000187;30;0204205031;1100;2024-01-08;12000;2024-01-10;2023-12-20;Livraison en retard de 2 jours;0.0;2.0
100630;9500000187;30;0204205031;1110;2024-01-15;2000;2024-01-24;2024-01-17;Livraison en retard de 9 jours;12000.0;9.0
100630;9500000187;30;0204205031;1110;2024-01-22;12000;2024-01-24;2024-01-17;Livraison en retard de 2 jours;2000.0;2.0
100630;9500000187;30;0204205031;1120;2024-02-05;24000;2024-02-07;2024-01-24;Livraison en retard de 2 jours;0.0;2.0
100630;9500000187;30;0204205031;1130;2024-02-19;32000;2024-02-21;2024-02-07;Livraison en retard de 2 jours;0.0;2.0
100630;9500000187;30;0204205031;1145;2024-03-11;4000;2024-03-13;2024-02-21;Livraison en retard de 2 jours;0.0;2.0
100630;9500000187;30;0204205031;1150;2024-03-18;240000;2024-03-20;2024-03-13;Livraison en retard de 2 jours;0.0;2.0
100630;9500000187;50;0204204167;2987;2024-03-29;600;2024-03-27;2023-11-22;Livraison en avance de 2 jours;0.0;-2.0
100630;9500000187;50;0204204167;3062;2024-07-08;600;2024-07-10;2024-03-27;Livraison en retard de 2 jours;0.0;2.0
100630;9500000187;50;0204204167;3096;2024-08-19;600;2024-08-27;2024-07-10;Livraison en retard de 8 jours;0.0;8.0
100630;9500000187;90;0204750538;2454;2024-03-11;8000;2024-03-13;2023-04-19;Livraison en retard de 2 jours;0.0;2.0
100630;9500000187;90;0204750538;2519;2024-06-10;8000;2024-06-12;2024-03-13;Livraison en retard de 2 jours;0.0;2.0
100630;9500000187;90;0204750538;2613;2024-10-21;8000;2024-10-22;2024-06-12;Livraison en retard de 1 jours;0.0;1.0
100630;9500002363;10;0204201350;2131;2024-04-08;16000;2024-04-10;2021-11-03;Date EM absente;;
100630;9500002363;150;0204N11597;1112;2024-01-08;4608;2024-01-03;2023-12-20;Livraison en avance de 5 jours;1728.0;-5.0
100630;9500002363;150;0204N11597;1117;2024-01-15;3456;2024-01-10;2024-01-03;Livraison en avance de 5 jours;0.0;-5.0
100630;9500002363;150;0204N11597;1122;2024-01-22;5760;2024-01-17;2024-01-10;Livraison en avance de 5 jours;0.0;-5.0
100630;9500002363;150;0204N11597;1132;2024-01-29;6912;2024-01-31;2024-01-24;Livraison en retard de 2 jours;0.0;2.0
100630;9500002363;150;0204N11597;1137;2024-02-05;5184;2024-02-07;2024-01-31;Livraison en retard de 2 jours;0.0;2.0
100630;9500002363;150;0204N11597;1142;2024-02-12;3456;2024-02-14;2024-02-07;Livraison en retard de 2 jours;0.0;2.0
100630;9500002363;150;0204N11597;1142;2024-02-19;5184;2024-02-14;2024-02-07;Livraison en avance de 5 jours;3456.0;-5.0
100630;9500002363;150;0204N11597;1147;2024-02-26;576;2024-02-21;2024-02-14;Livraison en avance de 5 jours;0.0;-5.0
100630;9500002363;150;0204N11597;1157;2024-03-04;5760;2024-03-06;2024-02-21;Livraison en retard de 2 jours;0.0;2.0
100630;9500002363;150;0204N11597;1162;2024-03-11;5184;2024-03-13;2024-03-06;Livraison en retard de 2 jours;0.0;2.0
100630;9500002363;150;0204N11597;1167;2024-03-18;5760;2024-03-20;2024-03-13;Livraison en retard de 2 jours;0.0;2.0
100630;9500002363;150;0204N11597;1172;2024-03-25;6912;2024-03-27;2024-03-20;Livraison en retard de 2 jours;6336.0;2.0
100630;9500002363;150;0204N11597;1177;2024-03-29;6912;2024-04-03;2024-03-27;Livraison en retard de 5 jours;0.0;5.0
100630;9500002363;150;0204N11597;1182;2024-04-08;2880;2024-04-10;2024-04-03;Livraison en retard de 2 jours;0.0;2.0
100630;9500002363;150;0204N11597;1187;2024-04-15;5760;2024-04-17;2024-04-10;Livraison en retard de 2 jours;0.0;2.0
100630;9500002363;150;0204N11597;1192;2024-04-22;13248;2024-04-24;2024-04-17;Livraison en retard de 2 jours;0.0;2.0
100630;9500002363;150;0204N11597;1207;2024-05-13;2880;2024-05-15;2024-04-24;Livraison en retard de 2 jours;0.0;2.0
100630;9500002363;150;0204N11597;1212;2024-05-17;4608;2024-05-22;2024-05-15;Livraison en retard de 5 jours;0.0;5.0
100630;9500002363;150;0204N11597;1217;2024-05-27;6336;2024-05-29;2024-05-22;Livraison en retard de 2 jours;0.0;2.0
100630;9500002363;150;0204N11597;1222;2024-06-03;3456;2024-06-05;2024-05-29;Livraison en retard de 2 jours;0.0;2.0
100630;9500002363;150;0204N11597;1227;2024-06-10;2880;2024-06-12;2024-06-05;Livraison en retard de 2 jours;0.0;2.0
100630;9500002363;150;0204N11597;1232;2024-06-17;4032;2024-06-19;2024-06-12;Livraison en retard de 2 jours;0.0;2.0
100630;9500002363;150;0204N11597;1237;2024-06-24;5184;2024-06-26;2024-06-19;Livraison en retard de 2 jours;0.0;2.0
100630;9500002363;150;0204N11597;1242;2024-07-01;4032;2024-07-03;2024-06-26;Livraison en retard de 2 jours;0.0;2.0
100630;9500002363;150;0204N11597;1247;2024-07-08;1728;2024-07-10;2024-07-03;Livraison en retard de 2 jours;0.0;2.0
100630;9500002363;150;0204N11597;1252;2024-07-15;576;2024-07-17;2024-07-10;Livraison en retard de 2 jours;0.0;2.0
100630;9500002363;150;0204N11597;1262;2024-07-29;10368;2024-07-31;2024-07-17;Livraison en retard de 2 jours;0.0;2.0
100630;9500002363;150;0204N11597;1276;2024-08-19;5184;2024-08-20;2024-07-31;Livraison en retard de 1 jours;0.0;1.0
100630;9500002363;150;0204N11597;1282;2024-08-26;4032;2024-08-28;2024-08-20;Livraison en retard de 2 jours;0.0;2.0
100630;9500002363;150;0204N11597;1287;2024-09-02;4032;2024-09-04;2024-08-28;Livraison en retard de 2 jours;0.0;2.0
100630;9500002363;150;0204N11597;1292;2024-09-09;6912;2024-09-11;2024-09-04;Livraison en retard de 2 jours;0.0;2.0
100630;9500002363;150;0204N11597;1297;2024-09-16;5184;2024-09-18;2024-09-11;Livraison en retard de 2 jours;0.0;2.0
100630;9500002363;150;0204N11597;1302;2024-09-23;6336;2024-09-25;2024-09-18;Livraison en retard de 2 jours;0.0;2.0
100630;9500002363;150;0204N11597;1307;2024-09-30;4608;2024-10-02;2024-09-25;Livraison en retard de 2 jours;0.0;2.0
100630;9500002363;150;0204N11597;1312;2024-10-07;3456;2024-10-09;2024-10-02;Livraison en retard de 2 jours;0.0;2.0
100630;9500002363;150;0204N11597;1317;2024-10-14;4032;2024-10-16;2024-10-09;Livraison en retard de 2 jours;0.0;2.0
100630;9500002363;150;0204N11597;1322;2024-10-21;5184;2024-10-23;2024-10-16;Livraison en retard de 2 jours;0.0;2.0
100630;9500002363;150;0204N11597;1332;2024-11-04;4032;2024-11-06;2024-10-23;Livraison en retard de 2 jours;0.0;2.0
100630;9500002363;150;0204N11597;1337;2024-11-08;2880;2024-11-13;2024-11-06;Livraison en retard de 5 jours;0.0;5.0
100630;9500002363;150;0204N11597;1342;2024-11-18;4608;2024-11-20;2024-11-13;Livraison en retard de 2 jours;0.0;2.0
100630;9500002363;150;0204N11597;1347;2024-11-25;3456;2024-11-27;2024-11-21;Livraison en retard de 2 jours;0.0;2.0
100630;9500002363;150;0204N11597;1352;2024-12-02;1728;2024-12-04;2024-11-27;Livraison en retard de 2 jours;0.0;2.0
100630;9500002363;150;0204N11597;1357;2024-12-09;576;2024-12-11;2024-12-04;Livraison en retard de 2 jours;0.0;2.0
100630;9500002363;150;0204N11597;1362;2024-12-16;2880;2024-12-18;2024-12-11;Livraison en retard de 2 jours;0.0;2.0
100630;9500002363;160;0204N11598;1118;2024-01-08;576;2024-01-10;2024-01-03;Livraison en retard de 2 jours;3456.0;2.0
100630;9500002363;160;0204N11598;1123;2024-01-15;1728;2024-01-17;2024-01-10;Livraison en retard de 2 jours;3456.0;2.0
100630;9500002363;160;0204N11598;1123;2024-01-22;5184;2024-01-17;2024-01-10;Livraison en avance de 5 jours;0.0;-5.0
100630;9500002363;160;0204N11598;1133;2024-01-29;6336;2024-01-31;2024-01-24;Livraison en retard de 2 jours;0.0;2.0
100630;9500002363;160;0204N11598;1138;2024-02-05;5760;2024-02-07;2024-01-31;Livraison en retard de 2 jours;0.0;2.0
100630;9500002363;160;0204N11598;1138;2024-02-12;5760;2024-02-07;2024-01-31;Livraison en avance de 5 jours;0.0;-5.0
100630;9500002363;160;0204N11598;1143;2024-02-19;5760;2024-02-14;2024-02-07;Livraison en avance de 5 jours;0.0;-5.0
100630;9500002363;160;0204N11598;1158;2024-03-04;6336;2024-03-06;2024-02-14;Livraison en retard de 2 jours;0.0;2.0
100630;9500002363;160;0204N11598;1163;2024-03-11;3456;2024-03-13;2024-03-06;Livraison en retard de 2 jours;0.0;2.0
100630;9500002363;160;0204N11598;1168;2024-03-18;6336;2024-03-20;2024-03-13;Livraison en retard de 2 jours;0.0;2.0
100630;9500002363;160;0204N11598;1173;2024-03-25;6912;2024-03-27;2024-03-20;Livraison en retard de 2 jours;7488.0;2.0
100630;9500002363;160;0204N11598;1178;2024-03-29;6336;2024-04-03;2024-03-27;Livraison en retard de 5 jours;0.0;5.0
100630;9500002363;160;0204N11598;1183;2024-04-08;5184;2024-04-10;2024-04-03;Livraison en retard de 2 jours;0.0;2.0
100630;9500002363;160;0204N11598;1188;2024-04-15;4608;2024-04-17;2024-04-10;Livraison en retard de 2 jours;0.0;2.0
100630;9500002363;160;0204N11598;1193;2024-04-22;11520;2024-04-24;2024-04-17;Livraison en retard de 2 jours;0.0;2.0
100630;9500002363;160;0204N11598;1208;2024-05-13;1152;2024-05-15;2024-04-24;Livraison en retard de 2 jours;0.0;2.0
100630;9500002363;160;0204N11598;1213;2024-05-17;7488;2024-05-22;2024-05-15;Livraison en retard de 5 jours;0.0;5.0
100630;9500002363;160;0204N11598;1218;2024-05-27;6912;2024-05-29;2024-05-22;Livraison en retard de 2 jours;0.0;2.0
100630;9500002363;160;0204N11598;1223;2024-06-03;2880;2024-06-05;2024-05-29;Livraison en retard de 2 jours;0.0;2.0
100630;9500002363;160;0204N11598;1228;2024-06-10;2880;2024-06-12;2024-06-05;Livraison en retard de 2 jours;0.0;2.0
100630;9500002363;160;0204N11598;1233;2024-06-17;3456;2024-06-19;2024-06-12;Livraison en retard de 2 jours;0.0;2.0
100630;9500002363;160;0204N11598;1238;2024-06-24;5760;2024-06-26;2024-06-19;Livraison en retard de 2 jours;0.0;2.0
100630;9500002363;160;0204N11598;1243;2024-07-01;3456;2024-07-03;2024-06-26;Livraison en retard de 2 jours;0.0;2.0
100630;9500002363;160;0204N11598;1248;2024-07-08;3456;2024-07-10;2024-07-03;Livraison en retard de 2 jours;0.0;2.0
100630;9500002363;160;0204N11598;1263;2024-07-29;9792;2024-07-31;2024-07-10;Livraison en retard de 2 jours;0.0;2.0
100630;9500002363;160;0204N11598;1277;2024-08-19;6336;2024-08-20;2024-07-31;Livraison en retard de 1 jours;0.0;1.0
100630;9500002363;160;0204N11598;1283;2024-08-26;4032;2024-08-28;2024-08-20;Livraison en retard de 2 jours;0.0;2.0
100630;9500002363;160;0204N11598;1288;2024-09-02;4032;2024-09-04;2024-08-28;Livraison en retard de 2 jours;0.0;2.0
100630;9500002363;160;0204N11598;1293;2024-09-09;5184;2024-09-11;2024-09-04;Livraison en retard de 2 jours;0.0;2.0
100630;9500002363;160;0204N11598;1298;2024-09-16;6912;2024-09-18;2024-09-11;Livraison en retard de 2 jours;0.0;2.0
100630;9500002363;160;0204N11598;1303;2024-09-23;5760;2024-09-25;2024-09-18;Livraison en retard de 2 jours;0.0;2.0
100630;9500002363;160;0204N11598;1308;2024-09-30;4608;2024-10-02;2024-09-25;Livraison en retard de 2 jours;0.0;2.0
100630;9500002363;160;0204N11598;1313;2024-10-07;2880;2024-10-09;2024-10-02;Livraison en retard de 2 jours;0.0;2.0
100630;9500002363;160;0204N11598;1318;2024-10-14;4032;2024-10-16;2024-10-09;Livraison en retard de 2 jours;0.0;2.0
100630;9500002363;160;0204N11598;1323;2024-10-21;4032;2024-10-23;2024-10-16;Livraison en retard de 2 jours;0.0;2.0
100630;9500002363;160;0204N11598;1327;2024-10-28;1152;2024-10-29;2024-10-23;Livraison en retard de 1 jours;0.0;1.0
100630;9500002363;160;0204N11598;1333;2024-11-04;3456;2024-11-06;2024-10-29;Livraison en retard de 2 jours;0.0;2.0
100630;9500002363;160;0204N11598;1338;2024-11-08;4032;2024-11-13;2024-11-06;Livraison en retard de 5 jours;0.0;5.0
100630;9500002363;160;0204N11598;1343;2024-11-18;4608;2024-11-20;2024-11-13;Livraison en retard de 2 jours;0.0;2.0
100630;9500002363;160;0204N11598;1348;2024-11-25;2880;2024-11-27;2024-11-20;Livraison en retard de 2 jours;0.0;2.0
100630;9500002363;160;0204N11598;1353;2024-12-02;2304;2024-12-04;2024-11-27;Livraison en retard de 2 jours;0.0;2.0
100630;9500002363;160;0204N11598;1358;2024-12-09;1152;2024-12-11;2024-12-04;Livraison en retard de 2 jours;0.0;2.0
100630;9500002363;160;0204N11598;1363;2024-12-16;3456;2024-12-18;2024-12-11;Livraison en retard de 2 jours;0.0;2.0
100630;9500002363;180;0204N30620;754;2024-01-08;9600;2024-01-17;2024-01-09;Livraison en retard de 9 jours;9600.0;9.0
100630;9500002363;180;0204N30620;754;2024-01-15;19200;2024-01-17;2024-01-09;Livraison en retard de 2 jours;0.0;2.0
100630;9500002363;180;0204N30620;759;2024-01-22;11520;2024-01-24;2024-01-17;Livraison en retard de 2 jours;0.0;2.0
100630;9500002363;180;0204N30620;764;2024-01-29;19200;2024-01-31;2024-01-24;Livraison en retard de 2 jours;0.0;2.0
100630;9500002363;180;0204N30620;769;2024-02-05;9600;2024-02-07;2024-01-31;Livraison en retard de 2 jours;0.0;2.0
100630;9500002363;180;0204N30620;769;2024-02-12;9600;2024-02-07;2024-01-31;Livraison en avance de 5 jours;0.0;-5.0
100630;9500002363;180;0204N30620;779;2024-02-19;9600;2024-02-21;2024-02-14;Livraison en retard de 2 jours;9600.0;2.0
100630;9500002363;180;0204N30620;779;2024-02-26;19200;2024-02-21;2024-02-14;Livraison en avance de 5 jours;0.0;-5.0
100630;9500002363;180;0204N30620;789;2024-03-04;9600;2024-03-06;2024-02-21;Livraison en retard de 2 jours;0.0;2.0
100630;9500002363;180;0204N30620;794;2024-03-11;9600;2024-03-13;2024-03-06;Livraison en retard de 2 jours;0.0;2.0
100630;9500002363;180;0204N30620;794;2024-03-18;19200;2024-03-13;2024-03-06;Livraison en avance de 5 jours;9600.0;-5.0
100630;9500002363;180;0204N30620;799;2024-03-25;9600;2024-03-20;2024-03-13;Livraison en avance de 5 jours;0.0;-5.0
100630;9500002363;180;0204N30620;804;2024-03-29;19200;2024-03-27;2024-03-20;Livraison en avance de 2 jours;0.0;-2.0
100630;9500002363;180;0204N30620;814;2024-04-08;19200;2024-04-10;2024-03-27;Livraison en retard de 2 jours;0.0;2.0
100630;9500002363;180;0204N30620;819;2024-04-15;19200;2024-04-17;2024-04-10;Livraison en retard de 2 jours;0.0;2.0
100630;9500002363;180;0204N30620;824;2024-04-22;38400;2024-04-24;2024-04-17;Livraison en retard de 2 jours;0.0;2.0
100630;9500002363;180;0204N30620;844;2024-05-13;240;2024-05-22;2024-05-15;Livraison en retard de 9 jours;18960.0;9.0
100630;9500002363;180;0204N30620;849;2024-05-17;240;2024-05-29;2024-05-22;Livraison en retard de 12 jours;9600.0;12.0
100630;9500002363;180;0204N30620;849;2024-05-27;9600;2024-05-29;2024-05-22;Livraison en retard de 2 jours;240.0;2.0
100630;9500002363;180;0204N30620;854;2024-06-03;28800;2024-06-05;2024-05-29;Livraison en retard de 2 jours;0.0;2.0
100630;9500002363;180;0204N30620;859;2024-06-10;19200;2024-06-12;2024-06-05;Livraison en retard de 2 jours;0.0;2.0
100630;9500002363;180;0204N30620;864;2024-06-17;19200;2024-06-19;2024-06-12;Livraison en retard de 2 jours;0.0;2.0
100630;9500002363;180;0204N30620;869;2024-06-24;19200;2024-06-26;2024-06-19;Livraison en retard de 2 jours;0.0;2.0
100630;9500002363;180;0204N30620;880;2024-07-01;2880;2024-07-11;2024-07-03;Livraison en retard de 10 jours;0.0;10.0
100630;9500002363;180;0204N30620;880;2024-07-08;19200;2024-07-11;2024-07-03;Livraison en retard de 3 jours;2880.0;3.0
100630;9500002363;180;0204N30620;894;2024-07-29;28800;2024-07-31;2024-07-11;Livraison en retard de 2 jours;0.0;2.0
100630;9500002363;180;0204N30620;908;2024-08-19;19200;2024-08-20;2024-07-31;Livraison en retard de 1 jours;0.0;1.0
100630;9500002363;180;0204N30620;914;2024-08-26;9600;2024-08-28;2024-08-20;Livraison en retard de 2 jours;0.0;2.0
100630;9500002363;180;0204N30620;919;2024-09-02;19200;2024-09-04;2024-08-28;Livraison en retard de 2 jours;0.0;2.0
100630;9500002363;180;0204N30620;930;2024-09-09;3120;2024-09-19;2024-09-11;Livraison en retard de 10 jours;16080.0;10.0
100630;9500002363;180;0204N30620;934;2024-09-16;3120;2024-09-25;2024-09-19;Livraison en retard de 9 jours;28800.0;9.0
100630;9500002363;180;0204N30620;934;2024-09-23;28800;2024-09-25;2024-09-19;Livraison en retard de 2 jours;3120.0;2.0
100630;9500002363;180;0204N30620;939;2024-09-30;9600;2024-10-02;2024-09-25;Livraison en retard de 2 jours;0.0;2.0
100630;9500002363;180;0204N30620;944;2024-10-07;19200;2024-10-09;2024-10-02;Livraison en retard de 2 jours;0.0;2.0
100630;9500002363;180;0204N30620;956;2024-10-14;8640;2024-10-25;2024-10-16;Livraison en retard de 11 jours;960.0;11.0
100630;9500002363;180;0204N30620;958;2024-10-21;18240;2024-10-29;2024-10-25;Livraison en retard de 8 jours;20160.0;8.0
100630;9500002363;180;0204N30620;958;2024-10-28;19200;2024-10-29;2024-10-25;Livraison en retard de 1 jours;19200.0;1.0
100630;9500002363;180;0204N30620;964;2024-11-04;8640;2024-11-06;2024-10-29;Livraison en retard de 2 jours;960.0;2.0
100630;9500002363;180;0204N30620;969;2024-11-08;18240;2024-11-13;2024-11-06;Livraison en retard de 5 jours;960.0;5.0
100630;9500002363;180;0204N30620;974;2024-11-18;18240;2024-11-20;2024-11-13;Livraison en retard de 2 jours;0.0;2.0
100630;9500002363;180;0204N30620;979;2024-11-25;19200;2024-11-27;2024-11-20;Livraison en retard de 2 jours;0.0;2.0
100630;9500002363;180;0204N30620;984;2024-12-02;9600;2024-12-04;2024-11-27;Livraison en retard de 2 jours;0.0;2.0
100630;9500002363;20;0204204526;3505;2024-03-04;32000;2024-03-06;2024-02-06;Livraison en retard de 2 jours;0.0;2.0
100630;9500002363;20;0204204526;3535;2024-04-15;32000;2024-04-17;2024-03-06;Livraison en retard de 2 jours;0.0;2.0
100630;9500002363;20;0204204526;3540;2024-04-22;32000;2024-04-24;2024-04-17;Livraison en retard de 2 jours;0.0;2.0
100630;9500002363;20;0204204526;3546;2024-04-23;32000;2024-05-02;2024-04-24;Livraison en retard de 9 jours;0.0;9.0
100630;9500002363;20;0204204526;3669;2024-10-21;32000;2024-10-22;2024-05-02;Livraison en retard de 1 jours;0.0;1.0
100630;9500002363;200;0204N32226;714;2024-01-08;3024;2024-01-17;2024-01-03;Livraison en retard de 9 jours;9216.0;9.0
100630;9500002363;200;0204N32226;714;2024-01-15;5760;2024-01-17;2024-01-03;Livraison en retard de 2 jours;6480.0;2.0
100630;9500002363;200;0204N32226;739;2024-02-26;5760;2024-02-21;2024-01-17;Livraison en avance de 5 jours;0.0;-5.0
100630;9500002363;200;0204N32226;754;2024-03-18;5760;2024-03-13;2024-02-21;Livraison en avance de 5 jours;0.0;-5.0
100630;9500002363;200;0204N32226;759;2024-03-25;5760;2024-03-20;2024-03-13;Livraison en avance de 5 jours;0.0;-5.0
100630;9500002363;200;0204N32226;779;2024-04-15;5760;2024-04-17;2024-03-20;Livraison en retard de 2 jours;0.0;2.0
100630;9500002363;200;0204N32226;784;2024-04-22;5760;2024-04-24;2024-04-17;Livraison en retard de 2 jours;0.0;2.0
100630;9500002363;200;0204N32226;799;2024-05-13;5760;2024-05-15;2024-04-24;Livraison en retard de 2 jours;0.0;2.0
100630;9500002363;200;0204N32226;814;2024-06-03;5760;2024-06-05;2024-05-15;Livraison en retard de 2 jours;0.0;2.0
100630;9500002363;200;0204N32226;824;2024-06-17;5760;2024-06-19;2024-06-05;Livraison en retard de 2 jours;0.0;2.0
100630;9500002363;200;0204N32226;844;2024-07-01;2880;2024-07-17;2024-07-03;Livraison en retard de 16 jours;0.0;16.0
100630;9500002363;200;0204N32226;889;2024-09-16;5760;2024-09-18;2024-07-17;Livraison en retard de 2 jours;0.0;2.0
100630;9500002363;200;0204N32226;899;2024-09-30;5760;2024-10-02;2024-09-18;Livraison en retard de 2 jours;0.0;2.0
100630;9500002363;200;0204N32226;918;2024-10-28;5760;2024-10-29;2024-10-02;Livraison en retard de 1 jours;0.0;1.0
100630;9500002363;200;0204N32226;944;2024-12-02;5760;2024-12-04;2024-10-29;Livraison en retard de 2 jours;0.0;2.0
100630;9500002363;200;0204N32226;954;2024-12-16;5760;2024-12-18;2024-12-04;Livraison en retard de 2 jours;0.0;2.0
100630;9500002363;210;0204N32227;725;2024-01-15;3168;2024-02-01;2024-01-24;Livraison en retard de 17 jours;8352.0;17.0
100630;9500002363;210;0204N32227;725;2024-01-22;5760;2024-02-01;2024-01-24;Livraison en retard de 10 jours;5760.0;10.0
100630;9500002363;210;0204N32227;739;2024-02-26;5760;2024-02-21;2024-02-01;Livraison en avance de 5 jours;0.0;-5.0
100630;9500002363;210;0204N32227;754;2024-03-11;5760;2024-03-13;2024-02-21;Livraison en retard de 2 jours;0.0;2.0
100630;9500002363;210;0204N32227;754;2024-03-18;5760;2024-03-13;2024-02-21;Livraison en avance de 5 jours;0.0;-5.0
100630;9500002363;210;0204N32227;762;2024-04-08;0;2024-03-25;2024-03-13;Livraison en retard de 9 jours;5760.0;9.0
100630;9500002363;210;0204N32227;779;2024-04-15;5760;2024-04-17;2024-03-13;Livraison en retard de 2 jours;0.0;2.0
100630;9500002363;210;0204N32227;784;2024-04-22;11520;2024-04-24;2024-04-17;Livraison en retard de 2 jours;0.0;2.0
100630;9500002363;210;0204N32227;809;2024-05-27;5760;2024-05-29;2024-04-24;Livraison en retard de 2 jours;0.0;2.0
100630;9500002363;210;0204N32227;814;2024-06-03;5760;2024-06-05;2024-05-29;Livraison en retard de 2 jours;0.0;2.0
100630;9500002363;210;0204N32227;829;2024-06-24;5760;2024-06-26;2024-06-05;Livraison en retard de 2 jours;0.0;2.0
100630;9500002363;210;0204N32227;879;2024-09-02;5760;2024-09-04;2024-06-26;Livraison en retard de 2 jours;0.0;2.0
100630;9500002363;210;0204N32227;889;2024-09-16;5760;2024-09-18;2024-09-04;Livraison en retard de 2 jours;0.0;2.0
100630;9500002363;210;0204N32227;904;2024-10-07;3888;2024-10-09;2024-09-18;Livraison en retard de 2 jours;0.0;2.0
100630;9500002363;210;0204N32227;929;2024-11-08;5760;2024-11-13;2024-10-09;Livraison en retard de 5 jours;0.0;5.0
100630;9500002363;210;0204N32227;949;2024-12-09;5760;2024-12-11;2024-11-13;Livraison en retard de 2 jours;0.0;2.0
100630;9500002363;210;0204N32227;954;2024-12-16;5760;2024-12-18;2024-12-11;Livraison en retard de 2 jours;0.0;2.0
100630;9500002363;30;0204204527;3505;2024-03-04;32000;2024-03-06;2024-01-24;Livraison en retard de 2 jours;0.0;2.0
100630;9500002363;30;0204204527;3589;2024-06-17;32000;2024-07-02;2024-03-06;Livraison en retard de 15 jours;0.0;15.0
100630;9500002363;30;0204204527;3604;2024-07-22;32000;2024-07-23;2024-07-02;Livraison en retard de 1 jours;0.0;1.0
100630;9500002363;30;0204204527;3645;2024-09-09;32000;2024-09-18;2024-07-23;Livraison en retard de 9 jours;0.0;9.0
100630;9500002363;30;0204204527;3690;2024-11-18;32000;2024-11-20;2024-09-18;Livraison en retard de 2 jours;0.0;2.0
100630;9500002363;70;0204749204;3058;2024-03-11;4560;2024-03-19;2024-03-13;Livraison en retard de 8 jours;0.0;8.0
100630;9500002363;80;0204749205;3119;2024-04-22;6960;2024-04-25;2024-04-24;Livraison en retard de 3 jours;0.0;3.0
100630;9500002363;80;0204749205;3260;2024-10-21;0;2024-11-08;2024-04-25;Quantité non trouvée;0.0;
100630;9500002363;80;0204749205;3277;2024-12-06;0;2024-12-03;2024-04-25;Quantité non trouvée;0.0;
114032;5500006069;2010;0204773883;1209;2023-12-07;12960;2023-12-06;2023-11-28;Date EM absente;;
114032;5500006069;2010;0204773883;1233;2023-12-14;77760;2024-01-09;2023-12-18;Date EM absente;;
114032;5500006069;2010;0204773883;1238;2024-01-04;38880;2024-01-16;2024-01-09;Livraison en retard de 162 jours;38880.0;162.0
114032;5500006069;2010;0204773883;1249;2024-01-11;12960;2024-01-31;2024-01-16;Date EM absente;;
114032;5500006069;2010;0204773883;1249;2024-01-18;25920;2024-01-31;2024-01-16;Date EM absente;;
114032;5500006069;2010;0204773883;1253;2024-01-25;38880;2024-02-06;2024-01-31;Date EM absente;;
114032;5500006069;2010;0204773883;1258;2024-02-01;25920;2024-02-13;2024-02-06;Date EM absente;;
114032;5500006069;2010;0204773883;1262;2024-02-08;38880;2024-02-19;2024-02-13;Date EM absente;;
114032;5500006069;2010;0204773883;1262;2024-02-15;38880;2024-02-19;2024-02-13;Date EM absente;;
114032;5500006069;2010;0204773883;1269;2024-02-22;38880;2024-03-05;2024-02-20;Date EM absente;;
114032;5500006069;2010;0204773883;1275;2024-02-29;6480;2024-03-13;2024-03-06;Date EM absente;;
114032;5500006069;2010;0204773883;1281;2024-03-07;6480;2024-03-21;2024-03-19;Date EM absente;;
114032;5500006069;2010;0204773883;1284;2024-03-14;19440;2024-03-26;2024-03-22;Date EM absente;;
114032;5500006069;2010;0204773883;1284;2024-03-21;38880;2024-03-26;2024-03-22;Date EM absente;;
114032;5500006069;2010;0204773883;1291;2024-03-27;51840;2024-04-04;2024-03-26;Date EM absente;;
114032;5500006069;2010;0204773883;1302;2024-04-04;32400;2024-04-19;2024-04-04;Date EM absente;;
114032;5500006069;2010;0204773883;1309;2024-04-11;12960;2024-04-30;2024-04-19;Date EM absente;;
114032;5500006069;2010;0204773883;1309;2024-04-18;38880;2024-04-30;2024-04-19;Date EM absente;;
114032;5500006069;2010;0204773883;1313;2024-04-25;12960;2024-05-06;2024-04-30;Date EM absente;;
114032;5500006069;2010;0204773883;1318;2024-05-02;25920;2024-05-13;2024-05-06;Date EM absente;;
114032;5500006069;2010;0204773883;1318;2024-05-07;38880;2024-05-13;2024-05-06;Date EM absente;;
114032;5500006069;2010;0204773883;1325;2024-05-15;38880;2024-05-22;2024-05-13;Date EM absente;;
114032;5500006069;2010;0204773883;1329;2024-05-23;38880;2024-05-28;2024-05-22;Date EM absente;;
114032;5500006069;2010;0204773883;1329;2024-05-30;38880;2024-05-28;2024-05-22;Date EM absente;;
114032;5500006069;2010;0204773883;1342;2024-06-06;38880;2024-06-14;2024-05-28;Date EM absente;;
114032;5500006069;2010;0204773883;1342;2024-06-13;25920;2024-06-14;2024-05-28;Date EM absente;;
114032;5500006069;2010;0204773883;1353;2024-06-20;38880;2024-07-01;2024-06-14;Livraison en retard de 11 jours;0.0;11.0
114032;5500006069;2010;0204773883;1354;2024-06-27;38880;2024-07-02;2024-07-01;Livraison en retard de 5 jours;0.0;5.0
114032;5500006069;2010;0204773883;1374;2024-07-04;19440;2024-07-30;2024-07-09;Livraison en retard de 26 jours;25920.0;26.0
114032;5500006069;2010;0204773883;1374;2024-07-11;25920;2024-07-30;2024-07-09;Livraison en retard de 19 jours;19440.0;19.0
114032;5500006069;2010;0204773883;1391;2024-07-25;51840;2024-08-22;2024-07-30;Livraison en retard de 28 jours;0.0;28.0
114032;5500006069;2010;0204773883;1393;2024-08-14;38880;2024-08-26;2024-08-22;Livraison en retard de 12 jours;0.0;12.0
114032;5500006069;2010;0204773883;1394;2024-08-22;25920;2024-08-27;2024-08-26;Livraison en retard de 5 jours;0.0;5.0
114032;5500006069;2010;0204773883;1400;2024-08-29;38880;2024-09-04;2024-08-27;Livraison en retard de 6 jours;0.0;6.0
114032;5500006069;2010;0204773883;1407;2024-09-05;38880;2024-09-13;2024-09-04;Livraison en retard de 8 jours;0.0;8.0
114032;5500006069;2010;0204773883;1412;2024-09-12;51840;2024-09-20;2024-09-13;Livraison en retard de 8 jours;0.0;8.0
114032;5500006069;2010;0204773883;1414;2024-09-19;51840;2024-09-24;2024-09-20;Livraison en retard de 5 jours;0.0;5.0
114032;5500006069;2010;0204773883;1418;2024-09-26;38880;2024-09-30;2024-09-24;Livraison en retard de 4 jours;0.0;4.0
114032;5500006069;2010;0204773883;1422;2024-10-03;38880;2024-10-04;2024-09-30;Livraison en retard de 1 jours;0.0;1.0
114032;5500006069;2010;0204773883;1428;2024-10-10;25920;2024-10-14;2024-10-04;Livraison en retard de 4 jours;0.0;4.0
114032;5500006069;2010;0204773883;1440;2024-10-17;25920;2024-10-30;2024-10-14;Livraison en retard de 13 jours;38880.0;13.0
114032;5500006069;2010;0204773883;1440;2024-10-24;38880;2024-10-30;2024-10-14;Livraison en retard de 6 jours;25920.0;6.0
114032;5500006069;2010;0204773883;1449;2024-10-30;25920;2024-11-12;2024-10-30;Livraison en retard de 13 jours;0.0;13.0
114032;5500006069;2010;0204773883;1454;2024-11-06;32400;2024-11-19;2024-11-13;Livraison en retard de 13 jours;51840.0;13.0
114032;5500006069;2010;0204773883;1454;2024-11-14;51840;2024-11-19;2024-11-13;Livraison en retard de 5 jours;32400.0;5.0
114032;5500006069;2010;0204773883;1459;2024-11-21;38880;2024-11-26;2024-11-19;Livraison en retard de 5 jours;0.0;5.0
114032;5500006069;2010;0204773883;1464;2024-11-28;38880;2024-12-03;2024-11-26;Livraison en retard de 5 jours;0.0;5.0
114032;5500006069;2010;0204773883;1474;2024-12-12;51840;2024-12-17;2024-12-03;Livraison en retard de 5 jours;0.0;5.0
SUP042072;5500040367;10;0204L72539;836;2024-01-09;2100;2024-01-09;2023-12-19;Livraison à la date prévue;0.0;0.0
SUP042072;5500040367;10;0204L72539;841;2024-01-16;6300;2024-01-16;2024-01-09;Livraison à la date prévue;0.0;0.0
SUP042072;5500040367;10;0204L72539;846;2024-01-23;21000;2024-01-23;2024-01-16;Livraison à la date prévue;0.0;0.0
SUP042072;5500040367;10;0204L72539;851;2024-01-30;14700;2024-01-30;2024-01-23;Livraison à la date prévue;0.0;0.0
SUP042072;5500040367;10;0204L72539;856;2024-02-06;18900;2024-02-06;2024-01-30;Livraison à la date prévue;0.0;0.0
SUP042072;5500040367;10;0204L72539;861;2024-02-13;23100;2024-02-13;2024-02-06;Livraison à la date prévue;0.0;0.0
SUP042072;5500040367;10;0204L72539;865;2024-02-20;14700;2024-02-19;2024-02-13;Livraison à la date prévue;0.0;0.0
SUP042072;5500040367;10;0204L72539;868;2024-02-27;31500;2024-02-27;2024-02-20;Livraison à la date prévue;0.0;0.0
SUP042072;5500040367;10;0204L72539;872;2024-03-05;21000;2024-03-04;2024-02-27;Livraison en avance de 1 jours;0.0;-1.0
SUP042072;5500040367;10;0204L72539;878;2024-03-12;8400;2024-03-12;2024-03-04;Livraison à la date prévue;0.0;0.0
SUP042072;5500040367;10;0204L72539;883;2024-03-19;10500;2024-03-19;2024-03-12;Livraison à la date prévue;0.0;0.0
SUP042072;5500040367;10;0204L72539;888;2024-03-26;16800;2024-03-26;2024-03-19;Livraison à la date prévue;0.0;0.0
SUP042072;5500040367;10;0204L72539;894;2024-04-02;18900;2024-04-03;2024-03-26;Livraison en retard de 1 jours;0.0;1.0
SUP042072;5500040367;10;0204L72539;898;2024-04-09;25200;2024-04-09;2024-04-03;Livraison à la date prévue;0.0;0.0
SUP042072;5500040367;10;0204L72539;903;2024-04-18;10500;2024-04-16;2024-04-09;Livraison en avance de 2 jours;0.0;-2.0
SUP042072;5500040367;10;0204L72539;908;2024-04-23;21000;2024-04-23;2024-04-16;Livraison à la date prévue;0.0;0.0
SUP042072;5500040367;10;0204L72539;913;2024-04-30;8400;2024-04-30;2024-04-23;Livraison à la date prévue;0.0;0.0
SUP042072;5500040367;10;0204L72539;924;2024-05-14;31500;2024-05-15;2024-04-30;Livraison en retard de 1 jours;0.0;1.0
SUP042072;5500040367;10;0204L72539;928;2024-05-21;14700;2024-05-21;2024-05-15;Livraison à la date prévue;0.0;0.0
SUP042072;5500040367;10;0204L72539;933;2024-05-28;4200;2024-05-28;2024-05-21;Livraison à la date prévue;0.0;0.0
SUP042072;5500040367;10;0204L72539;945;2024-06-11;35700;2024-06-13;2024-05-28;Livraison en retard de 2 jours;0.0;2.0
SUP042072;5500040367;10;0204L72539;948;2024-06-18;21000;2024-06-18;2024-06-13;Livraison à la date prévue;0.0;0.0
SUP042072;5500040367;10;0204L72539;953;2024-06-25;12600;2024-06-25;2024-06-18;Livraison à la date prévue;0.0;0.0
SUP042072;5500040367;10;0204L72539;958;2024-07-02;16800;2024-07-02;2024-06-25;Livraison à la date prévue;0.0;0.0
SUP042072;5500040367;10;0204L72539;963;2024-07-09;18900;2024-07-09;2024-07-02;Livraison à la date prévue;0.0;0.0
SUP042072;5500040367;10;0204L72539;968;2024-07-16;2100;2024-07-16;2024-07-09;Livraison à la date prévue;0.0;0.0
SUP042072;5500040367;10;0204L72539;973;2024-07-23;10500;2024-07-23;2024-07-16;Livraison à la date prévue;0.0;0.0
SUP042072;5500040367;10;0204L72539;992;2024-07-30;8400;2024-08-19;2024-07-30;Livraison en retard de 20 jours;0.0;20.0
SUP042072;5500040367;10;0204L72539;992;2024-08-20;18900;2024-08-19;2024-07-30;Livraison en avance de 1 jours;8400.0;-1.0
SUP042072;5500040367;10;0204L72539;998;2024-08-27;14700;2024-08-27;2024-08-19;Livraison à la date prévue;0.0;0.0
SUP042072;5500040367;10;0204L72539;1003;2024-09-03;16800;2024-09-03;2024-08-27;Livraison à la date prévue;0.0;0.0
SUP042072;5500040367;10;0204L72539;1008;2024-09-10;14700;2024-09-10;2024-09-03;Livraison à la date prévue;0.0;0.0
SUP042072;5500040367;10;0204L72539;1013;2024-09-17;18900;2024-09-17;2024-09-10;Livraison à la date prévue;0.0;0.0
SUP042072;5500040367;10;0204L72539;1018;2024-09-24;10500;2024-09-24;2024-09-17;Livraison à la date prévue;0.0;0.0
SUP042072;5500040367;10;0204L72539;1022;2024-10-01;12600;2024-09-30;2024-09-24;Livraison en avance de 1 jours;0.0;-1.0
SUP042072;5500040367;10;0204L72539;1028;2024-10-08;21000;2024-10-08;2024-09-30;Livraison à la date prévue;0.0;0.0
SUP042072;5500040367;10;0204L72539;1032;2024-10-15;12600;2024-10-14;2024-10-08;Livraison en avance de 1 jours;0.0;-1.0
SUP042072;5500040367;10;0204L72539;1038;2024-10-22;18900;2024-10-22;2024-10-14;Livraison à la date prévue;0.0;0.0
SUP042072;5500040367;10;0204L72539;1043;2024-10-29;8400;2024-10-29;2024-10-22;Livraison à la date prévue;0.0;0.0
SUP042072;5500040367;10;0204L72539;1048;2024-11-05;12600;2024-11-05;2024-10-29;Livraison à la date prévue;0.0;0.0
SUP042072;5500040367;10;0204L72539;1053;2024-11-12;14700;2024-11-12;2024-11-05;Livraison à la date prévue;0.0;0.0
SUP042072;5500040367;10;0204L72539;1058;2024-11-19;10500;2024-11-19;2024-11-12;Livraison à la date prévue;0.0;0.0
SUP042072;5500040367;10;0204L72539;1063;2024-11-26;18900;2024-11-26;2024-11-19;Livraison à la date prévue;900.0;0.0
SUP042072;5500040367;10;0204L72539;1068;2024-12-03;20100;2024-12-03;2024-11-26;Livraison à la date prévue;900.0;0.0
SUP042072;5500040367;10;0204L72539;1073;2024-12-10;11700;2024-12-10;2024-12-03;Livraison à la date prévue;900.0;0.0
SUP042072;5500040367;10;0204L72539;1078;2024-12-17;20100;2024-12-17;2024-12-10;Livraison à la date prévue;900.0;0.0
